new_id,timestamp,location,price,last4ccnum
0,01/06/2014 07:28,Brew've Been Served,11.34,4795
1,01/06/2014 07:34,Hallowed Grounds,52.22,7108
2,01/06/2014 07:35,Brew've Been Served,8.33,6816
3,01/06/2014 07:36,Hallowed Grounds,16.72,9617
4,01/06/2014 07:37,Brew've Been Served,4.24,7384
5,01/06/2014 07:38,Brew've Been Served,4.17,5368
6,01/06/2014 07:42,Coffee Cameleon,28.73,7253
7,01/06/2014 07:43,Brew've Been Served,9.6,4948
8,01/06/2014 07:43,Brew've Been Served,16.9,9683
9,01/06/2014 07:47,Hallowed Grounds,16.53,8129
10,01/06/2014 07:48,Hallowed Grounds,10.66,3492
11,01/06/2014 07:49,Coffee Cameleon,8.39,5921
12,01/06/2014 07:52,Brew've Been Served,32.83,9405
13,01/06/2014 07:54,Hallowed Grounds,16.88,7889
14,01/06/2014 07:54,Coffee Cameleon,11.86,2142
15,01/06/2014 07:54,Hallowed Grounds,32.93,2681
16,01/06/2014 07:55,Hallowed Grounds,8.05,9551
17,01/06/2014 07:55,Brew've Been Served,3.67,3484
18,01/06/2014 07:59,Brew've Been Served,8.88,7819
19,01/06/2014 08:00,Brew've Been Served,4.27,5407
20,01/06/2014 08:00,Hallowed Grounds,9.69,6691
21,01/06/2014 08:01,Hallowed Grounds,10.07,1874
22,01/06/2014 08:06,Brew've Been Served,18.24,3853
23,01/06/2014 08:06,Brew've Been Served,15.58,4434
24,01/06/2014 08:07,Brew've Been Served,5.66,6901
25,01/06/2014 08:14,Coffee Cameleon,3.2,2418
26,01/06/2014 08:16,Brew've Been Served,14.97,1286
27,01/06/2014 08:16,Brew've Been Served,11.2,8411
28,01/06/2014 08:17,Brew've Been Served,15.39,8202
29,01/06/2014 08:23,Abila Airport,4540.08,9220
30,01/06/2014 09:06,Kronos Pipe and Irrigation,242.21,9220
31,01/06/2014 10:02,Nationwide Refinery,761.64,9735
32,01/06/2014 10:18,Maximum Iron and Steel,2859.51,9220
33,01/06/2014 11:33,Stewart and Sons Fabrication,2144.62,9735
34,01/06/2014 11:57,Carlyle Chemical Inc.,3959.66,9220
35,01/06/2014 12:00,Coffee Shack,51.51,7117
36,01/06/2014 12:00,Bean There Done That,10.28,1415
37,01/06/2014 12:00,Bean There Done That,16.09,9635
38,01/06/2014 12:00,Brewed Awakenings,5.72,7688
39,01/06/2014 12:00,Jack's Magical Beans,11.03,6899
40,01/06/2014 12:00,Brewed Awakenings,16.89,2540
41,01/06/2014 12:00,Bean There Done That,8.54,1877
42,01/06/2014 12:00,Brewed Awakenings,4.35,8332
43,01/06/2014 12:00,Bean There Done That,5.24,1321
44,01/06/2014 12:00,Bean There Done That,4.27,6895
45,01/06/2014 12:00,Jack's Magical Beans,18.59,9241
46,01/06/2014 12:00,Jack's Magical Beans,27.84,8156
47,01/06/2014 12:00,Jack's Magical Beans,18.1,2463
48,01/06/2014 12:16,Abila Airport,1873.79,8642
49,01/06/2014 12:56,Katerina�s Caf�,13.68,8332
50,01/06/2014 12:57,Hippokampos,9.16,8156
51,01/06/2014 13:18,Abila Zacharo,106.93,2418
52,01/06/2014 13:19,Gelatogalore,12.74,7253
53,01/06/2014 13:19,Kalami Kafenion,70.1,3484
54,01/06/2014 13:20,Hippokampos,34.03,6691
55,01/06/2014 13:21,Hippokampos,28.23,9551
56,01/06/2014 13:22,Ouzeri Elian,38.9,2540
57,01/06/2014 13:23,Hippokampos,13.26,4795
58,01/06/2014 13:24,Guy's Gyros,15.44,1415
59,01/06/2014 13:27,Abila Zacharo,30.08,7688
60,01/06/2014 13:27,Abila Zacharo,50.14,1286
61,01/06/2014 13:28,Katerina�s Caf�,33.54,8411
62,01/06/2014 13:28,Kalami Kafenion,8.64,5407
63,01/06/2014 13:30,Guy's Gyros,16.92,7384
64,01/06/2014 13:35,Hippokampos,36.54,2681
65,01/06/2014 13:35,Abila Zacharo,92.05,7354
66,01/06/2014 13:37,Ouzeri Elian,20.56,6816
67,01/06/2014 13:39,Guy's Gyros,11.22,1310
68,01/06/2014 13:41,Gelatogalore,22.64,7889
69,01/06/2014 13:42,Ouzeri Elian,20.4,6895
70,01/06/2014 13:46,Guy's Gyros,30.82,9635
71,01/06/2014 13:46,Katerina�s Caf�,18.56,6899
72,01/06/2014 13:46,Guy's Gyros,99.67,2463
73,01/06/2014 13:47,Kalami Kafenion,22.13,1321
74,01/06/2014 13:48,Ouzeri Elian,20.74,5368
75,01/06/2014 13:48,Ouzeri Elian,30.87,5921
76,01/06/2014 13:50,Katerina�s Caf�,13.59,1874
77,01/06/2014 13:50,Katerina�s Caf�,32.64,9617
78,01/06/2014 13:52,Kalami Kafenion,22.31,4434
79,01/06/2014 13:52,Gelatogalore,36.33,3492
80,01/06/2014 13:53,Katerina�s Caf�,36.95,2142
81,01/06/2014 13:54,Abila Zacharo,23.15,9405
82,01/06/2014 13:57,Hippokampos,8.64,1877
83,01/06/2014 13:58,Hippokampos,38.25,8202
84,01/06/2014 13:59,Katerina�s Caf�,39.41,3853
85,01/06/2014 14:00,Kalami Kafenion,13.08,7117
86,01/06/2014 14:00,Gelatogalore,23.41,7819
87,01/06/2014 14:04,Hippokampos,30.88,4948
88,01/06/2014 14:05,Abila Zacharo,78.11,7108
89,01/06/2014 14:15,Kalami Kafenion,27.4,8129
90,01/06/2014 14:17,Katerina�s Caf�,19.65,6901
91,01/06/2014 15:14,Abila Airport,777.06,9220
92,01/06/2014 15:39,Abila Airport,612.47,8642
93,01/06/2014 17:28,U-Pump,59.51,3484
94,01/06/2014 18:56,Katerina�s Caf�,78.65,8411
95,01/06/2014 19:08,Katerina�s Caf�,26.46,8129
96,01/06/2014 19:18,Guy's Gyros,39.29,7384
97,01/06/2014 19:50,Frydos Autosupply n' More,273.87,9241
98,01/06/2014 20:07,Katerina�s Caf�,23.63,7253
99,01/06/2014 20:08,Katerina�s Caf�,12.32,1874
100,01/06/2014 20:09,Guy's Gyros,11.94,6901
101,01/06/2014 20:12,Frydos Autosupply n' More,80.85,8202
102,01/06/2014 20:13,Guy's Gyros,22.57,3484
103,01/06/2014 20:15,Guy's Gyros,117.82,6816
104,01/06/2014 20:15,Frydos Autosupply n' More,175.87,5368
105,01/06/2014 20:19,Katerina�s Caf�,21.66,2418
106,01/06/2014 20:20,Hippokampos,35.34,1321
107,01/06/2014 20:24,Guy's Gyros,28.94,7819
108,01/06/2014 20:26,Albert's Fine Clothing,276.9,9551
109,01/06/2014 20:28,Guy's Gyros,95.29,7108
110,01/06/2014 20:29,Hippokampos,85.5,6895
111,01/06/2014 20:29,Katerina�s Caf�,17.92,9405
112,01/06/2014 20:30,Katerina�s Caf�,28.0,6691
113,01/06/2014 20:33,Katerina�s Caf�,15.52,5921
114,01/06/2014 20:36,Hippokampos,26.8,1877
115,01/06/2014 20:46,Hippokampos,24.41,7117
116,01/06/2014 20:46,Hippokampos,21.33,1415
117,01/06/2014 20:47,Frydos Autosupply n' More,149.3,5407
118,01/06/2014 20:49,Shoppers' Delight,293.67,7354
119,01/06/2014 20:52,Hippokampos,17.27,7688
120,01/06/2014 20:59,Katerina�s Caf�,26.1,3492
121,01/06/2014 21:03,Katerina�s Caf�,10.72,9617
122,01/06/2014 21:03,Albert's Fine Clothing,121.76,4434
123,01/06/2014 21:11,Hippokampos,28.14,8156
124,01/06/2014 21:12,Katerina�s Caf�,26.51,4948
125,01/06/2014 21:23,Frydos Autosupply n' More,197.32,2142
126,01/06/2014 21:32,Frydos Autosupply n' More,314.98,1310
127,01/06/2014 21:52,Hippokampos,20.61,8332
128,01/07/2014 07:27,Brew've Been Served,5.08,7384
129,01/07/2014 07:31,Brew've Been Served,12.74,5368
130,01/07/2014 07:33,Brew've Been Served,7.09,4795
131,01/07/2014 07:35,Hallowed Grounds,14.05,7889
132,01/07/2014 07:37,Hallowed Grounds,8.91,8129
133,01/07/2014 07:41,Hallowed Grounds,19.59,1874
134,01/07/2014 07:45,Brew've Been Served,19.6,6816
135,01/07/2014 07:46,Hallowed Grounds,84.44,9551
136,01/07/2014 07:46,Coffee Cameleon,9.1,5921
137,01/07/2014 07:47,Hallowed Grounds,7.88,1310
138,01/07/2014 07:48,Hallowed Grounds,18.97,7108
139,01/07/2014 07:49,Coffee Cameleon,27.66,7253
140,01/07/2014 07:50,Brew've Been Served,4.39,5407
141,01/07/2014 07:50,Hallowed Grounds,9.61,3492
142,01/07/2014 07:52,Brew've Been Served,3.0,4434
143,01/07/2014 07:54,Brew've Been Served,11.92,1286
144,01/07/2014 07:55,Brew've Been Served,69.06,3484
145,01/07/2014 07:56,Brew've Been Served,98.53,9683
146,01/07/2014 07:57,Hallowed Grounds,10.33,6691
147,01/07/2014 07:58,Brew've Been Served,17.4,8202
148,01/07/2014 08:00,Brew've Been Served,11.91,4948
149,01/07/2014 08:00,Coffee Cameleon,11.55,2142
150,01/07/2014 08:01,Coffee Cameleon,52.44,2418
151,01/07/2014 08:01,Hallowed Grounds,9.92,9617
152,01/07/2014 08:01,Hallowed Grounds,68.42,2681
153,01/07/2014 08:02,Brew've Been Served,14.49,9405
154,01/07/2014 08:06,Brew've Been Served,3.03,7819
155,01/07/2014 08:09,Brew've Been Served,15.66,8411
156,01/07/2014 08:18,Brew've Been Served,47.74,6901
157,01/07/2014 09:17,Abila Airport,3840.37,3506
158,01/07/2014 10:05,Stewart and Sons Fabrication,1200.9,3506
159,01/07/2014 10:11,Nationwide Refinery,1347.36,9735
160,01/07/2014 11:31,Stewart and Sons Fabrication,1843.33,9735
161,01/07/2014 11:39,Nationwide Refinery,1562.66,7792
162,01/07/2014 12:00,Coffee Shack,16.63,7117
163,01/07/2014 12:00,Bean There Done That,51.25,1415
164,01/07/2014 12:00,Brewed Awakenings,12.17,7688
165,01/07/2014 12:00,Jack's Magical Beans,23.68,6899
166,01/07/2014 12:00,Brewed Awakenings,64.84,3853
167,01/07/2014 12:00,Brewed Awakenings,71.59,2540
168,01/07/2014 12:00,Bean There Done That,53.89,1877
169,01/07/2014 12:00,Brewed Awakenings,6.72,8332
170,01/07/2014 12:00,Bean There Done That,8.03,1321
171,01/07/2014 12:00,Bean There Done That,46.25,6895
172,01/07/2014 12:00,Jack's Magical Beans,18.77,9241
173,01/07/2014 12:00,Jack's Magical Beans,19.61,8156
174,01/07/2014 12:00,Jack's Magical Beans,69.84,2463
175,01/07/2014 12:02,Nationwide Refinery,1071.04,3506
176,01/07/2014 12:29,Abila Airport,124.89,8642
177,01/07/2014 13:08,Katerina�s Caf�,59.07,7792
178,01/07/2014 13:13,Guy's Gyros,29.57,8156
179,01/07/2014 13:20,Abila Zacharo,13.52,1415
180,01/07/2014 13:20,Gelatogalore,35.06,8332
181,01/07/2014 13:20,Guy's Gyros,38.56,7354
182,01/07/2014 13:24,Kalami Kafenion,45.05,1286
183,01/07/2014 13:24,Kalami Kafenion,11.64,5407
184,01/07/2014 13:25,Abila Zacharo,82.25,6899
185,01/07/2014 13:29,Ouzeri Elian,29.1,2142
186,01/07/2014 13:30,Gelatogalore,51.64,1310
187,01/07/2014 13:32,Ouzeri Elian,28.37,4948
188,01/07/2014 13:33,Abila Zacharo,52.72,7688
189,01/07/2014 13:33,Gelatogalore,34.04,7253
190,01/07/2014 13:33,Katerina�s Caf�,22.27,7889
191,01/07/2014 13:33,Guy's Gyros,11.31,6816
192,01/07/2014 13:33,Kalami Kafenion,18.06,4795
193,01/07/2014 13:34,Ouzeri Elian,64.84,6895
194,01/07/2014 13:35,Gelatogalore,8.98,2463
195,01/07/2014 13:37,Gelatogalore,21.52,9551
196,01/07/2014 13:39,Gelatogalore,17.21,9405
197,01/07/2014 13:41,Katerina�s Caf�,51.41,3484
198,01/07/2014 13:41,Abila Zacharo,17.81,9683
199,01/07/2014 13:42,Ouzeri Elian,97.71,5368
200,01/07/2014 13:44,Abila Zacharo,32.4,2418
201,01/07/2014 13:45,Kalami Kafenion,22.83,1877
202,01/07/2014 13:46,Guy's Gyros,10.11,9635
203,01/07/2014 13:46,Kalami Kafenion,22.14,7108
204,01/07/2014 13:49,Gelatogalore,36.5,2681
205,01/07/2014 13:50,Ouzeri Elian,21.85,8411
206,01/07/2014 13:52,Gelatogalore,71.77,1874
207,01/07/2014 13:53,Hippokampos,51.69,3853
208,01/07/2014 13:54,Gelatogalore,88.97,5921
209,01/07/2014 13:55,Abila Zacharo,65.9,7819
210,01/07/2014 13:56,Ouzeri Elian,16.2,1321
211,01/07/2014 13:57,Katerina�s Caf�,37.44,8202
212,01/07/2014 13:57,Gelatogalore,15.4,6691
213,01/07/2014 14:00,Hippokampos,76.11,3492
214,01/07/2014 14:07,Katerina�s Caf�,10.9,4434
215,01/07/2014 14:09,Guy's Gyros,12.57,9617
216,01/07/2014 14:09,Ouzeri Elian,59.51,6901
217,01/07/2014 14:11,Hippokampos,37.57,8129
218,01/07/2014 14:16,Abila Scrapyard,2149.28,2276
219,01/07/2014 14:19,Kronos Pipe and Irrigation,3920.82,4530
220,01/07/2014 14:34,Carlyle Chemical Inc.,4803.13,7792
221,01/07/2014 15:03,Stewart and Sons Fabrication,962.2,2276
222,01/07/2014 15:20,Maximum Iron and Steel,3207.31,4530
223,01/07/2014 15:41,Abila Airport,3411.29,8642
224,01/07/2014 16:24,Nationwide Refinery,889.58,2276
225,01/07/2014 19:45,Guy's Gyros,14.87,7819
226,01/07/2014 19:48,Guy's Gyros,31.23,3484
227,01/07/2014 20:01,Hippokampos,20.17,1877
228,01/07/2014 20:02,Hippokampos,11.56,1415
229,01/07/2014 20:04,Albert's Fine Clothing,308.36,6895
230,01/07/2014 20:09,Katerina�s Caf�,19.49,7253
231,01/07/2014 20:10,Albert's Fine Clothing,78.91,7117
232,01/07/2014 20:10,Guy's Gyros,42.25,7384
233,01/07/2014 20:10,Guy's Gyros,26.82,4795
234,01/07/2014 20:11,Katerina�s Caf�,10.07,2142
235,01/07/2014 20:11,Guy's Gyros,76.71,9683
236,01/07/2014 20:12,Katerina�s Caf�,55.63,1874
237,01/07/2014 20:13,Katerina�s Caf�,94.75,7889
238,01/07/2014 20:13,Katerina�s Caf�,65.02,8202
239,01/07/2014 20:14,Guy's Gyros,62.33,3853
240,01/07/2014 20:15,Ouzeri Elian,11.41,9241
241,01/07/2014 20:18,Katerina�s Caf�,31.6,8411
242,01/07/2014 20:19,Guy's Gyros,89.76,7354
243,01/07/2014 20:20,Frydos Autosupply n' More,312.73,6901
244,01/07/2014 20:32,Katerina�s Caf�,19.53,5921
245,01/07/2014 20:33,Katerina�s Caf�,17.26,9617
246,01/07/2014 20:33,Katerina�s Caf�,25.54,6691
247,01/07/2014 20:34,Hippokampos,70.19,1321
248,01/07/2014 20:34,Guy's Gyros,23.12,5368
249,01/07/2014 20:47,Katerina�s Caf�,32.83,3492
250,01/07/2014 20:49,Ouzeri Elian,20.53,2681
251,01/07/2014 20:51,Hippokampos,32.99,8156
252,01/07/2014 21:01,Katerina�s Caf�,33.29,9405
253,01/07/2014 21:03,Hippokampos,21.2,2540
254,01/07/2014 21:17,Hippokampos,37.88,2463
255,01/07/2014 21:19,Katerina�s Caf�,18.35,1310
256,01/07/2014 21:21,Hippokampos,35.85,7688
257,01/07/2014 21:51,Hippokampos,22.18,8332
258,01/08/2014 07:31,Brew've Been Served,15.66,7354
259,01/08/2014 07:39,Hallowed Grounds,12.19,7108
260,01/08/2014 07:39,Hallowed Grounds,8.15,1874
261,01/08/2014 07:39,Hallowed Grounds,8.28,1310
262,01/08/2014 07:40,Hallowed Grounds,5.85,8129
263,01/08/2014 07:42,Brew've Been Served,3.09,4948
264,01/08/2014 07:43,Hallowed Grounds,3.4,9617
265,01/08/2014 07:47,Hallowed Grounds,3.11,3492
266,01/08/2014 07:48,Brew've Been Served,32.92,3853
267,01/08/2014 07:48,Brew've Been Served,8.27,6816
268,01/08/2014 07:48,Brew've Been Served,19.17,9683
269,01/08/2014 07:50,Brew've Been Served,33.68,9405
270,01/08/2014 07:50,Hallowed Grounds,3.9,2681
271,01/08/2014 07:51,Coffee Cameleon,6.59,7253
272,01/08/2014 07:52,Coffee Cameleon,12.26,5921
273,01/08/2014 07:55,Hallowed Grounds,79.92,7889
274,01/08/2014 07:55,Brew've Been Served,91.87,3484
275,01/08/2014 07:56,Hallowed Grounds,12.86,9551
276,01/08/2014 07:57,Brew've Been Served,74.88,5368
277,01/08/2014 07:57,Hallowed Grounds,11.63,6691
278,01/08/2014 07:58,Brew've Been Served,8.4,5407
279,01/08/2014 07:59,Coffee Cameleon,15.71,2142
280,01/08/2014 08:00,Brew've Been Served,32.3,4795
281,01/08/2014 08:01,Brew've Been Served,3.92,8202
282,01/08/2014 08:01,Brew've Been Served,17.13,7819
283,01/08/2014 08:01,Brew've Been Served,3.42,7384
284,01/08/2014 08:03,Brew've Been Served,10.15,6901
285,01/08/2014 08:09,Brew've Been Served,11.48,8411
286,01/08/2014 08:16,Brew've Been Served,7.26,1286
287,01/08/2014 08:18,Brew've Been Served,6.3,4434
288,01/08/2014 08:22,Coffee Cameleon,16.17,2418
289,01/08/2014 09:43,Carlyle Chemical Inc.,3048.31,7792
290,01/08/2014 09:54,Nationwide Refinery,4513.16,9152
291,01/08/2014 10:14,Nationwide Refinery,3674.32,9735
292,01/08/2014 11:28,Stewart and Sons Fabrication,1738.26,9152
293,01/08/2014 11:58,Stewart and Sons Fabrication,1673.77,9735
294,01/08/2014 12:00,Coffee Shack,13.13,7117
295,01/08/2014 12:00,Bean There Done That,17.45,1415
296,01/08/2014 12:00,Bean There Done That,12.07,9635
297,01/08/2014 12:00,Brewed Awakenings,11.73,7688
298,01/08/2014 12:00,Jack's Magical Beans,3.96,6899
299,01/08/2014 12:00,Brewed Awakenings,12.32,2540
300,01/08/2014 12:00,Bean There Done That,8.06,1877
301,01/08/2014 12:00,Brewed Awakenings,15.03,8332
302,01/08/2014 12:00,Bean There Done That,94.96,1321
303,01/08/2014 12:00,Jack's Magical Beans,18.78,9241
304,01/08/2014 12:00,Jack's Magical Beans,12.37,8156
305,01/08/2014 12:00,Jack's Magical Beans,31.25,2463
306,01/08/2014 12:29,Frank's Fuel,65.34,3853
307,01/08/2014 12:45,Abila Airport,2723.18,8642
308,01/08/2014 12:56,Chostus Hotel,107.51,2540
309,01/08/2014 13:03,Carlyle Chemical Inc.,4983.52,4530
310,01/08/2014 13:10,Abila Zacharo,22.13,5407
311,01/08/2014 13:12,Hippokampos,26.55,8332
312,01/08/2014 13:15,Hippokampos,9.03,4795
313,01/08/2014 13:19,Katerina�s Caf�,29.26,7792
314,01/08/2014 13:19,Chostus Hotel,111.89,9683
315,01/08/2014 13:21,Ouzeri Elian,109.73,8156
316,01/08/2014 13:23,Abila Zacharo,36.85,2463
317,01/08/2014 13:26,Hippokampos,16.59,7253
318,01/08/2014 13:27,Gelatogalore,32.79,8411
319,01/08/2014 13:28,Katerina�s Caf�,8.53,6899
320,01/08/2014 13:28,Gelatogalore,20.72,9405
321,01/08/2014 13:29,Kalami Kafenion,24.08,5921
322,01/08/2014 13:31,Hippokampos,37.89,1321
323,01/08/2014 13:32,Guy's Gyros,30.12,7384
324,01/08/2014 13:34,Abila Zacharo,14.41,1415
325,01/08/2014 13:34,Katerina�s Caf�,88.98,1310
326,01/08/2014 13:38,Gelatogalore,50.36,1286
327,01/08/2014 13:39,Gelatogalore,119.75,3484
328,01/08/2014 13:40,Guy's Gyros,77.9,3853
329,01/08/2014 13:41,Katerina�s Caf�,26.45,2142
330,01/08/2014 13:42,Gelatogalore,35.29,7889
331,01/08/2014 13:42,Kalami Kafenion,22.49,8202
332,01/08/2014 13:42,Katerina�s Caf�,57.04,6895
333,01/08/2014 13:43,Hippokampos,39.8,9551
334,01/08/2014 13:44,Kalami Kafenion,31.96,7354
335,01/08/2014 13:45,Kalami Kafenion,23.82,3492
336,01/08/2014 13:46,Abila Zacharo,28.25,2681
337,01/08/2014 13:47,Katerina�s Caf�,27.05,1877
338,01/08/2014 13:47,Gelatogalore,22.27,2418
339,01/08/2014 13:47,Ouzeri Elian,104.92,5368
340,01/08/2014 13:48,Hippokampos,28.79,9635
341,01/08/2014 13:48,Gelatogalore,116.72,7819
342,01/08/2014 13:51,Guy's Gyros,15.86,1874
343,01/08/2014 13:51,Abila Zacharo,30.85,6901
344,01/08/2014 13:52,Kalami Kafenion,14.77,6816
345,01/08/2014 13:53,Abila Zacharo,16.2,9617
346,01/08/2014 13:57,Guy's Gyros,10.34,4434
347,01/08/2014 14:06,Katerina�s Caf�,22.94,7108
348,01/08/2014 14:09,Kronos Pipe and Irrigation,3615.61,4530
349,01/08/2014 14:15,Kalami Kafenion,34.98,7117
350,01/08/2014 14:17,Gelatogalore,39.94,4948
351,01/08/2014 14:19,Kalami Kafenion,31.43,8129
352,01/08/2014 14:26,Carlyle Chemical Inc.,4901.88,7792
353,01/08/2014 15:18,Maximum Iron and Steel,3136.01,4530
354,01/08/2014 15:29,Abila Airport,2769.12,8642
355,01/08/2014 19:21,Hippokampos,10.52,1415
356,01/08/2014 19:28,Hippokampos,16.54,2540
357,01/08/2014 19:32,Katerina�s Caf�,34.25,5407
358,01/08/2014 19:36,Guy's Gyros,15.69,7354
359,01/08/2014 19:48,Guy's Gyros,30.48,4434
360,01/08/2014 20:00,Katerina�s Caf�,13.83,8411
361,01/08/2014 20:02,Hippokampos,32.66,6895
362,01/08/2014 20:07,Guy's Gyros,28.81,7384
363,01/08/2014 20:07,Frydos Autosupply n' More,214.07,2418
364,01/08/2014 20:08,Guy's Gyros,33.02,5368
365,01/08/2014 20:08,Katerina�s Caf�,31.59,1310
366,01/08/2014 20:12,Ouzeri Elian,62.2,1286
367,01/08/2014 20:15,Guy's Gyros,99.08,3484
368,01/08/2014 20:17,Frydos Autosupply n' More,182.56,3853
369,01/08/2014 20:17,Guy's Gyros,18.24,9683
370,01/08/2014 20:27,Katerina�s Caf�,33.31,2142
371,01/08/2014 20:28,Hippokampos,96.75,7117
372,01/08/2014 20:28,Frydos Autosupply n' More,268.89,6691
373,01/08/2014 20:31,Katerina�s Caf�,36.6,7889
374,01/08/2014 20:35,Katerina�s Caf�,16.93,8202
375,01/08/2014 20:42,Katerina�s Caf�,92.83,5921
376,01/08/2014 20:45,Albert's Fine Clothing,136.01,9635
377,01/08/2014 20:49,Hippokampos,15.64,8332
378,01/08/2014 20:53,Hippokampos,26.31,7688
379,01/08/2014 20:57,Guy's Gyros,10.28,6901
380,01/08/2014 20:58,Guy's Gyros,22.91,7819
381,01/08/2014 21:00,General Grocer,265.84,7108
382,01/08/2014 21:02,Katerina�s Caf�,28.86,4948
383,01/08/2014 21:09,Katerina�s Caf�,27.87,1874
384,01/08/2014 21:16,Ouzeri Elian,30.81,9551
385,01/08/2014 21:17,Ouzeri Elian,29.85,6899
386,01/08/2014 21:32,Hippokampos,78.99,2463
387,01/09/2014 07:35,Coffee Cameleon,12.47,7253
388,01/09/2014 07:36,Brew've Been Served,70.71,9683
389,01/09/2014 07:37,Hallowed Grounds,17.56,1310
390,01/09/2014 07:37,Coffee Cameleon,19.99,5921
391,01/09/2014 07:42,Hallowed Grounds,56.77,7108
392,01/09/2014 07:43,Brew've Been Served,5.43,5368
393,01/09/2014 07:46,Hallowed Grounds,75.24,8129
394,01/09/2014 07:46,Brew've Been Served,4.4,4948
395,01/09/2014 07:48,Brew've Been Served,5.3,7384
396,01/09/2014 07:48,Brew've Been Served,34.85,7354
397,01/09/2014 07:48,Brew've Been Served,5.13,4795
398,01/09/2014 07:50,Hallowed Grounds,34.45,9551
399,01/09/2014 07:51,Hallowed Grounds,19.22,7889
400,01/09/2014 07:56,Brew've Been Served,98.25,8202
401,01/09/2014 07:57,Hallowed Grounds,18.48,9617
402,01/09/2014 07:57,Brew've Been Served,5.26,8411
403,01/09/2014 07:57,Hallowed Grounds,50.25,9405
404,01/09/2014 07:58,Brew've Been Served,19.47,6901
405,01/09/2014 08:00,Brew've Been Served,6.61,7819
406,01/09/2014 08:00,Brew've Been Served,6.21,4434
407,01/09/2014 08:01,Brew've Been Served,92.12,3484
408,01/09/2014 08:03,Coffee Cameleon,16.13,2142
409,01/09/2014 08:07,Hallowed Grounds,65.68,3492
410,01/09/2014 08:14,Brew've Been Served,17.64,1286
411,01/09/2014 08:15,Brew've Been Served,5.57,5407
412,01/09/2014 08:15,Hallowed Grounds,15.33,2681
413,01/09/2014 09:26,Abila Airport,2358.22,3506
414,01/09/2014 09:54,Carlyle Chemical Inc.,529.47,7792
415,01/09/2014 10:16,Nationwide Refinery,674.28,9735
416,01/09/2014 10:38,Stewart and Sons Fabrication,1015.65,3506
417,01/09/2014 11:21,Carlyle Chemical Inc.,732.82,4530
418,01/09/2014 11:34,Nationwide Refinery,289.3,7792
419,01/09/2014 11:37,Stewart and Sons Fabrication,3544.0,9735
420,01/09/2014 12:00,Coffee Shack,5.01,7117
421,01/09/2014 12:00,Bean There Done That,13.0,1415
422,01/09/2014 12:00,Brewed Awakenings,11.76,7688
423,01/09/2014 12:00,Jack's Magical Beans,10.11,6899
424,01/09/2014 12:00,Jack's Magical Beans,6.0,3853
425,01/09/2014 12:00,Brewed Awakenings,13.16,2540
426,01/09/2014 12:00,Bean There Done That,4.06,1877
427,01/09/2014 12:00,Brewed Awakenings,17.66,8332
428,01/09/2014 12:00,Bean There Done That,15.53,1321
429,01/09/2014 12:00,Jack's Magical Beans,12.13,9241
430,01/09/2014 12:00,Jack's Magical Beans,15.55,8156
431,01/09/2014 12:00,Jack's Magical Beans,37.43,2463
432,01/09/2014 12:13,Abila Airport,202.93,8642
433,01/09/2014 12:49,Nationwide Refinery,1440.39,3506
434,01/09/2014 12:59,Ouzeri Elian,31.03,8332
435,01/09/2014 13:03,Katerina�s Caf�,17.02,7253
436,01/09/2014 13:12,Gelatogalore,19.2,5407
437,01/09/2014 13:18,Abila Airport,4792.5,2276
438,01/09/2014 13:21,Ouzeri Elian,26.09,7688
439,01/09/2014 13:21,Gelatogalore,23.45,4795
440,01/09/2014 13:21,Guy's Gyros,105.4,7354
441,01/09/2014 13:23,Gelatogalore,8.6,6899
442,01/09/2014 13:23,Gelatogalore,56.74,2540
443,01/09/2014 13:23,Ouzeri Elian,22.4,6816
444,01/09/2014 13:23,Katerina�s Caf�,16.98,7792
445,01/09/2014 13:24,Abila Zacharo,8.16,3484
446,01/09/2014 13:27,Kalami Kafenion,110.76,6895
447,01/09/2014 13:27,Katerina�s Caf�,25.85,8156
448,01/09/2014 13:28,Guy's Gyros,13.59,7889
449,01/09/2014 13:29,Hippokampos,27.47,2418
450,01/09/2014 13:32,Abila Zacharo,8.6,2463
451,01/09/2014 13:35,Katerina�s Caf�,10.42,3853
452,01/09/2014 13:35,Gelatogalore,23.23,8411
453,01/09/2014 13:36,Hippokampos,27.93,9683
454,01/09/2014 13:37,Hippokampos,9.12,1321
455,01/09/2014 13:38,Kalami Kafenion,18.14,7384
456,01/09/2014 13:40,Abila Zacharo,20.73,1874
457,01/09/2014 13:40,Gelatogalore,11.94,9405
458,01/09/2014 13:41,Abila Zacharo,89.41,9551
459,01/09/2014 13:41,Hippokampos,8.43,9635
460,01/09/2014 13:41,Hippokampos,39.22,5368
461,01/09/2014 13:43,Guy's Gyros,74.91,1415
462,01/09/2014 13:44,Guy's Gyros,15.0,9617
463,01/09/2014 13:45,Gelatogalore,24.68,2681
464,01/09/2014 13:47,Abila Zacharo,48.39,1286
465,01/09/2014 13:51,Hippokampos,13.84,1310
466,01/09/2014 13:53,Hippokampos,16.65,2142
467,01/09/2014 13:56,Kalami Kafenion,19.84,4948
468,01/09/2014 13:56,Hippokampos,65.7,4434
469,01/09/2014 13:56,Guy's Gyros,8.87,6901
470,01/09/2014 14:03,Kalami Kafenion,35.99,6691
471,01/09/2014 14:04,Kalami Kafenion,10.94,8129
472,01/09/2014 14:04,Ouzeri Elian,32.89,7108
473,01/09/2014 14:06,Katerina�s Caf�,8.01,1877
474,01/09/2014 14:09,Guy's Gyros,27.69,8202
475,01/09/2014 14:12,Abila Scrapyard,1158.36,2276
476,01/09/2014 14:13,Guy's Gyros,17.44,5921
477,01/09/2014 14:15,Abila Zacharo,14.37,7819
478,01/09/2014 14:18,Gelatogalore,36.75,7117
479,01/09/2014 14:26,Carlyle Chemical Inc.,382.43,7792
480,01/09/2014 14:28,Kronos Pipe and Irrigation,423.14,4530
481,01/09/2014 15:00,Stewart and Sons Fabrication,918.6,2276
482,01/09/2014 15:16,Maximum Iron and Steel,1527.14,4530
483,01/09/2014 15:50,Abila Airport,4538.52,8642
484,01/09/2014 16:22,Carlyle Chemical Inc.,2176.2,7792
485,01/09/2014 16:27,Nationwide Refinery,1322.5,2276
486,01/09/2014 19:25,Katerina�s Caf�,35.92,8129
487,01/09/2014 19:30,Katerina�s Caf�,26.6,5921
488,01/09/2014 19:32,Frydos Autosupply n' More,138.02,3484
489,01/09/2014 19:41,Guy's Gyros,31.81,7354
490,01/09/2014 19:42,Ouzeri Elian,27.08,6899
491,01/09/2014 19:43,Ouzeri Elian,31.07,9241
492,01/09/2014 19:52,Guy's Gyros,29.96,6816
493,01/09/2014 20:05,Hippokampos,15.02,2540
494,01/09/2014 20:06,Katerina�s Caf�,26.6,4948
495,01/09/2014 20:08,Katerina�s Caf�,19.02,3492
496,01/09/2014 20:09,Katerina�s Caf�,90.97,6691
497,01/09/2014 20:15,Hippokampos,70.68,1877
498,01/09/2014 20:19,General Grocer,285.34,4795
499,01/09/2014 20:20,Katerina�s Caf�,91.14,9405
500,01/09/2014 20:20,Frydos Autosupply n' More,31.24,6901
501,01/09/2014 20:21,Albert's Fine Clothing,224.52,7117
502,01/09/2014 20:21,Frydos Autosupply n' More,120.65,1321
503,01/09/2014 20:22,Katerina�s Caf�,29.82,8202
504,01/09/2014 20:23,Guy's Gyros,8.23,7889
505,01/09/2014 20:24,Guy's Gyros,18.26,1286
506,01/09/2014 20:27,Katerina�s Caf�,53.78,5407
507,01/09/2014 20:29,Guy's Gyros,23.34,7253
508,01/09/2014 20:38,Katerina�s Caf�,30.69,2418
509,01/09/2014 20:38,Guy's Gyros,8.23,5368
510,01/09/2014 20:39,Guy's Gyros,35.05,7384
511,01/09/2014 20:41,Hippokampos,9.13,2463
512,01/09/2014 20:45,Frydos Autosupply n' More,276.75,3853
513,01/09/2014 21:01,Hippokampos,24.96,6895
514,01/09/2014 21:09,Guy's Gyros,31.31,4434
515,01/09/2014 21:12,Hippokampos,23.66,8156
516,01/09/2014 21:13,Shoppers' Delight,258.43,2681
517,01/09/2014 21:18,Katerina�s Caf�,8.57,1310
518,01/09/2014 21:27,Albert's Fine Clothing,229.98,8332
519,01/09/2014 21:38,Hippokampos,10.12,9635
520,01/10/2014 07:34,Hallowed Grounds,16.75,8129
521,01/10/2014 07:35,Brew've Been Served,15.85,6816
522,01/10/2014 07:40,Coffee Cameleon,8.51,7253
523,01/10/2014 07:41,Hallowed Grounds,12.03,1874
524,01/10/2014 07:41,Hallowed Grounds,8.34,9617
525,01/10/2014 07:41,Hallowed Grounds,11.49,1310
526,01/10/2014 07:45,Brew've Been Served,5.01,3484
527,01/10/2014 07:45,Hallowed Grounds,11.38,3492
528,01/10/2014 07:46,Hallowed Grounds,17.63,2681
529,01/10/2014 07:47,Brew've Been Served,44.88,4948
530,01/10/2014 07:47,Coffee Cameleon,11.54,5921
531,01/10/2014 07:48,Brew've Been Served,13.32,9405
532,01/10/2014 07:49,Hallowed Grounds,10.34,7889
533,01/10/2014 07:49,Brew've Been Served,89.93,9683
534,01/10/2014 07:50,Hallowed Grounds,10.76,7108
535,01/10/2014 07:51,Brew've Been Served,12.77,5407
536,01/10/2014 07:54,Brew've Been Served,83.44,7384
537,01/10/2014 07:54,Coffee Cameleon,9.69,2418
538,01/10/2014 07:55,Brew've Been Served,85.91,5368
539,01/10/2014 07:56,Brew've Been Served,97.25,4795
540,01/10/2014 07:56,Brew've Been Served,90.72,7354
541,01/10/2014 07:59,Abila Airport,4039.36,9614
542,01/10/2014 08:01,Brew've Been Served,5.89,1286
543,01/10/2014 08:01,Brew've Been Served,5.31,6901
544,01/10/2014 08:06,Hallowed Grounds,9.34,6691
545,01/10/2014 08:09,Brew've Been Served,14.45,3853
546,01/10/2014 08:09,Brew've Been Served,3.03,7819
547,01/10/2014 08:11,Coffee Cameleon,13.25,2142
548,01/10/2014 08:17,Brew've Been Served,8.47,8202
549,01/10/2014 08:17,Brew've Been Served,12.64,4434
550,01/10/2014 08:20,Brew've Been Served,14.36,8411
551,01/10/2014 09:09,Carlyle Chemical Inc.,227.81,9614
552,01/10/2014 09:30,Kronos Mart,203.91,7688
553,01/10/2014 10:00,Nationwide Refinery,1552.82,9735
554,01/10/2014 10:40,Nationwide Refinery,2302.73,9614
555,01/10/2014 11:49,Stewart and Sons Fabrication,4074.1,9735
556,01/10/2014 12:00,Bean There Done That,15.39,1415
557,01/10/2014 12:00,Bean There Done That,3.92,9635
558,01/10/2014 12:00,Brewed Awakenings,13.82,7688
559,01/10/2014 12:00,Jack's Magical Beans,15.69,6899
560,01/10/2014 12:00,Brewed Awakenings,6.17,2540
561,01/10/2014 12:00,Bean There Done That,13.41,1877
562,01/10/2014 12:00,Brewed Awakenings,13.9,8332
563,01/10/2014 12:00,Bean There Done That,18.67,1321
564,01/10/2014 12:00,Bean There Done That,9.3,6895
565,01/10/2014 12:00,Jack's Magical Beans,16.29,9241
566,01/10/2014 12:00,Jack's Magical Beans,5.46,8156
567,01/10/2014 12:00,Jack's Magical Beans,8.22,2463
568,01/10/2014 12:10,Stewart and Sons Fabrication,4195.49,9614
569,01/10/2014 13:08,Chostus Hotel,133.25,9683
570,01/10/2014 13:11,Chostus Hotel,197.41,2540
571,01/10/2014 13:12,Guy's Gyros,36.44,8156
572,01/10/2014 13:16,Ouzeri Elian,30.71,9551
573,01/10/2014 13:20,Hippokampos,79.26,4795
574,01/10/2014 13:25,Guy's Gyros,26.76,6816
575,01/10/2014 13:27,Guy's Gyros,15.93,7253
576,01/10/2014 13:29,Abila Zacharo,113.33,6899
577,01/10/2014 13:30,Katerina�s Caf�,34.76,7688
578,01/10/2014 13:30,Kalami Kafenion,35.69,3484
579,01/10/2014 13:35,Gelatogalore,26.15,1415
580,01/10/2014 13:35,Ouzeri Elian,35.24,3853
581,01/10/2014 13:35,Kalami Kafenion,101.5,9241
582,01/10/2014 13:36,Abila Zacharo,36.73,1310
583,01/10/2014 13:36,Katerina�s Caf�,25.36,7354
584,01/10/2014 13:38,Guy's Gyros,26.68,7384
585,01/10/2014 13:38,Katerina�s Caf�,21.22,2418
586,01/10/2014 13:40,Hippokampos,32.01,2463
587,01/10/2014 13:44,Guy's Gyros,38.15,8411
588,01/10/2014 13:44,Ouzeri Elian,20.46,9405
589,01/10/2014 13:45,Kalami Kafenion,27.48,5407
590,01/10/2014 13:46,Abila Zacharo,31.34,2681
591,01/10/2014 13:47,Guy's Gyros,31.5,9635
592,01/10/2014 13:47,Katerina�s Caf�,25.62,6895
593,01/10/2014 13:47,Katerina�s Caf�,24.33,2142
594,01/10/2014 13:50,Ouzeri Elian,15.25,1877
595,01/10/2014 13:52,Guy's Gyros,31.05,1321
596,01/10/2014 13:53,Kalami Kafenion,24.3,4434
597,01/10/2014 13:57,Guy's Gyros,16.34,8129
598,01/10/2014 13:57,Ouzeri Elian,24.74,5368
599,01/10/2014 13:58,Hippokampos,39.89,6901
600,01/10/2014 13:59,Abila Zacharo,8.22,1874
601,01/10/2014 14:01,Abila Zacharo,16.12,3492
602,01/10/2014 14:03,Abila Zacharo,36.38,7819
603,01/10/2014 14:07,Hippokampos,11.61,7117
604,01/10/2014 14:07,Ouzeri Elian,30.93,9617
605,01/10/2014 14:08,Katerina�s Caf�,77.62,7108
606,01/10/2014 14:09,Abila Zacharo,9.32,6691
607,01/10/2014 14:11,Gelatogalore,32.19,8202
608,01/10/2014 14:20,Hippokampos,10.16,4948
609,01/10/2014 14:41,Octavio's Office Supplies,139.72,4795
610,01/10/2014 16:07,Octavio's Office Supplies,64.51,7253
611,01/10/2014 18:52,Ouzeri Elian,19.92,6899
612,01/10/2014 18:57,Frydos Autosupply n' More,98.39,7889
613,01/10/2014 19:45,Guy's Gyros,23.61,6816
614,01/10/2014 19:46,Hippokampos,48.22,1415
615,01/10/2014 19:50,Katerina�s Caf�,19.57,8129
616,01/10/2014 19:54,Guy's Gyros,27.78,4795
617,01/10/2014 19:56,Hippokampos,19.88,7117
618,01/10/2014 19:56,Katerina�s Caf�,21.89,5921
619,01/10/2014 20:02,Frydos Autosupply n' More,43.65,8202
620,01/10/2014 20:08,Katerina�s Caf�,15.76,9405
621,01/10/2014 20:09,Hippokampos,70.48,7688
622,01/10/2014 20:09,Katerina�s Caf�,8.14,8411
623,01/10/2014 20:09,Guy's Gyros,29.81,6901
624,01/10/2014 20:11,Albert's Fine Clothing,126.13,6895
625,01/10/2014 20:15,Frydos Autosupply n' More,237.08,7384
626,01/10/2014 20:17,Shoppers' Delight,279.53,7819
627,01/10/2014 20:20,Guy's Gyros,35.54,7108
628,01/10/2014 20:23,Guy's Gyros,37.37,3853
629,01/10/2014 20:42,Katerina�s Caf�,21.28,5407
630,01/10/2014 20:50,Hippokampos,17.21,8332
631,01/10/2014 21:11,Roberts and Sons,241.2,7354
632,01/10/2014 21:13,Guy's Gyros,25.81,5368
633,01/10/2014 21:17,Hippokampos,27.0,8156
634,01/10/2014 21:28,General Grocer,227.28,4434
635,01/10/2014 22:21,Hippokampos,79.97,2463
636,01/11/2014 13:19,Katerina�s Caf�,45.22,8156
637,01/11/2014 13:23,Katerina�s Caf�,45.21,2418
638,01/11/2014 13:32,Katerina�s Caf�,29.1,6895
639,01/11/2014 13:32,Abila Zacharo,54.82,1310
640,01/11/2014 13:33,Abila Zacharo,89.54,2540
641,01/11/2014 13:35,Gelatogalore,17.31,9617
642,01/11/2014 13:36,Hippokampos,103.38,4434
643,01/11/2014 13:37,Hippokampos,75.62,9551
644,01/11/2014 13:37,Hippokampos,82.23,6691
645,01/11/2014 13:40,Ouzeri Elian,19.11,8129
646,01/11/2014 13:43,Katerina�s Caf�,71.65,3484
647,01/11/2014 13:47,Hippokampos,31.1,7688
648,01/11/2014 13:50,Katerina�s Caf�,23.45,1321
649,01/11/2014 13:51,Abila Zacharo,32.02,7253
650,01/11/2014 13:59,Gelatogalore,18.74,3853
651,01/11/2014 14:09,Kalami Kafenion,35.66,7117
652,01/11/2014 14:16,Kalami Kafenion,39.36,7108
653,01/11/2014 14:17,Katerina�s Caf�,26.02,2142
654,01/11/2014 14:19,Abila Zacharo,45.2,6901
655,01/11/2014 15:15,Shoppers' Delight,157.45,9617
656,01/11/2014 15:20,Shoppers' Delight,238.52,2418
657,01/11/2014 15:31,General Grocer,78.02,8129
658,01/11/2014 16:00,Roberts and Sons,256.24,1310
659,01/11/2014 16:01,Albert's Fine Clothing,211.47,4434
660,01/11/2014 16:09,Frydos Autosupply n' More,52.73,7688
661,01/11/2014 16:24,Ahaggo Museum,89.32,4795
662,01/11/2014 17:16,Ahaggo Museum,52.14,9683
663,01/11/2014 19:08,Katerina�s Caf�,55.67,9617
664,01/11/2014 19:17,Kalami Kafenion,23.86,7819
665,01/11/2014 19:21,Ouzeri Elian,69.36,6899
666,01/11/2014 19:26,Hippokampos,66.21,7688
667,01/11/2014 19:27,Albert's Fine Clothing,105.33,8156
668,01/11/2014 19:27,Hippokampos,32.63,9683
669,01/11/2014 19:29,Hippokampos,63.21,4795
670,01/11/2014 19:31,Katerina�s Caf�,33.18,2142
671,01/11/2014 19:32,Katerina�s Caf�,20.71,6691
672,01/11/2014 19:33,Hippokampos,11.13,1877
673,01/11/2014 19:34,Guy's Gyros,55.36,6816
674,01/11/2014 19:40,Katerina�s Caf�,57.36,2540
675,01/11/2014 19:44,Shoppers' Delight,149.2,9551
676,01/11/2014 19:45,Hippokampos,63.21,8332
677,01/11/2014 19:50,Katerina�s Caf�,12.55,7889
678,01/11/2014 19:51,Katerina�s Caf�,45.68,1310
679,01/11/2014 19:52,Katerina�s Caf�,15.72,8411
680,01/11/2014 19:53,Hippokampos,67.37,9635
681,01/11/2014 19:57,Guy's Gyros,36.2,5368
682,01/11/2014 20:00,Katerina�s Caf�,25.76,4948
683,01/11/2014 20:04,Kalami Kafenion,50.2,1286
684,01/11/2014 20:04,Ouzeri Elian,16.69,2681
685,01/11/2014 20:06,Katerina�s Caf�,52.45,8202
686,01/11/2014 20:06,Guy's Gyros,33.65,7384
687,01/11/2014 20:09,Guy's Gyros,16.33,7354
688,01/11/2014 20:13,Frydos Autosupply n' More,211.15,5407
689,01/11/2014 20:13,Katerina�s Caf�,9.78,9405
690,01/11/2014 20:22,Frydos Autosupply n' More,236.25,8129
691,01/11/2014 20:23,Hippokampos,70.23,1415
692,01/11/2014 20:24,Katerina�s Caf�,94.68,2418
693,01/11/2014 20:26,Frydos Autosupply n' More,261.0,6901
694,01/11/2014 20:27,Hippokampos,69.8,7117
695,01/11/2014 20:30,Kalami Kafenion,46.78,7108
696,01/11/2014 20:46,Katerina�s Caf�,57.6,1874
697,01/12/2014 03:39,Kronos Mart,277.26,8156
698,01/12/2014 13:03,Ouzeri Elian,38.55,8332
699,01/12/2014 13:17,Ouzeri Elian,98.45,5407
700,01/12/2014 13:25,Hippokampos,12.55,2142
701,01/12/2014 13:28,Ouzeri Elian,24.72,7819
702,01/12/2014 13:30,Ouzeri Elian,72.32,1310
703,01/12/2014 13:31,Guy's Gyros,34.74,6901
704,01/12/2014 13:32,Ouzeri Elian,117.22,8156
705,01/12/2014 13:35,Hippokampos,29.2,7117
706,01/12/2014 13:40,Gelatogalore,20.09,1286
707,01/12/2014 13:45,Abila Zacharo,11.2,9683
708,01/12/2014 13:45,Desafio Golf Course,129.33,2463
709,01/12/2014 13:52,Kalami Kafenion,54.36,2540
710,01/12/2014 13:54,Hippokampos,8.54,7889
711,01/12/2014 13:55,Kalami Kafenion,14.59,3492
712,01/12/2014 14:04,Hippokampos,12.57,1874
713,01/12/2014 14:06,Hippokampos,71.99,9551
714,01/12/2014 14:13,Desafio Golf Course,220.77,7688
715,01/12/2014 14:14,Desafio Golf Course,198.46,8332
716,01/12/2014 14:16,Guy's Gyros,30.47,8129
717,01/12/2014 15:10,Shoppers' Delight,135.78,1310
718,01/12/2014 15:24,Shoppers' Delight,86.22,1286
719,01/12/2014 15:32,Shoppers' Delight,204.37,7819
720,01/12/2014 15:46,General Grocer,159.3,7117
721,01/12/2014 15:49,Albert's Fine Clothing,195.81,2142
722,01/12/2014 16:08,Shoppers' Delight,51.5,3547
723,01/12/2014 16:27,Ahaggo Museum,120.2,6901
724,01/12/2014 19:18,Katerina�s Caf�,12.64,7889
725,01/12/2014 19:21,Katerina�s Caf�,11.81,7253
726,01/12/2014 19:22,Hippokampos,27.15,1321
727,01/12/2014 19:26,Guy's Gyros,42.32,7108
728,01/12/2014 19:26,Shoppers' Delight,211.03,7384
729,01/12/2014 19:29,Hippokampos,66.63,1415
730,01/12/2014 19:32,Guy's Gyros,34.41,3853
731,01/12/2014 19:35,Hippokampos,49.23,6895
732,01/12/2014 19:36,Guy's Gyros,12.32,7354
733,01/12/2014 19:43,Katerina�s Caf�,40.94,5407
734,01/12/2014 19:44,Hippokampos,26.79,8332
735,01/12/2014 19:47,Katerina�s Caf�,17.36,3492
736,01/12/2014 19:50,Gelatogalore,36.2,1286
737,01/12/2014 19:51,Hippokampos,52.21,8156
738,01/12/2014 19:52,Frydos Autosupply n' More,88.93,5368
739,01/12/2014 19:58,Albert's Fine Clothing,63.36,1877
740,01/12/2014 19:59,Ouzeri Elian,55.55,6899
741,01/12/2014 20:04,Katerina�s Caf�,39.3,8129
742,01/12/2014 20:05,Hippokampos,78.21,9635
743,01/12/2014 20:11,Katerina�s Caf�,67.14,3547
744,01/12/2014 20:12,Katerina�s Caf�,15.37,9405
745,01/12/2014 20:13,Katerina�s Caf�,39.55,2142
746,01/12/2014 20:15,Hippokampos,69.41,2540
747,01/12/2014 20:17,Katerina�s Caf�,16.34,8411
748,01/12/2014 20:35,Katerina�s Caf�,40.25,4948
749,01/12/2014 20:38,Hippokampos,63.32,7688
750,01/12/2014 20:43,Frydos Autosupply n' More,161.96,8202
751,01/12/2014 20:48,Katerina�s Caf�,87.09,1874
752,01/13/2014 03:00,Kronos Mart,147.3,5407
753,01/13/2014 06:04,Daily Dealz,2.01,9551
754,01/13/2014 07:32,Hallowed Grounds,9.16,7889
755,01/13/2014 07:36,Brew've Been Served,16.39,5368
756,01/13/2014 07:38,Brew've Been Served,8.04,7384
757,01/13/2014 07:40,Coffee Cameleon,19.93,3547
758,01/13/2014 07:40,Brew've Been Served,8.0,9683
759,01/13/2014 07:42,Hallowed Grounds,3.02,1310
760,01/13/2014 07:43,Brew've Been Served,24.18,6816
761,01/13/2014 07:43,Hallowed Grounds,13.68,3492
762,01/13/2014 07:43,Brew've Been Served,18.71,4795
763,01/13/2014 07:44,Hallowed Grounds,5.85,9405
764,01/13/2014 07:53,Brew've Been Served,19.64,7354
765,01/13/2014 07:54,Hallowed Grounds,19.18,7108
766,01/13/2014 07:55,Coffee Cameleon,17.49,2418
767,01/13/2014 07:55,Brew've Been Served,6.08,5407
768,01/13/2014 07:56,Brew've Been Served,9.53,4948
769,01/13/2014 07:57,Brew've Been Served,78.23,3484
770,01/13/2014 07:57,Hallowed Grounds,6.32,6691
771,01/13/2014 08:00,Brew've Been Served,13.37,8411
772,01/13/2014 08:01,Kronos Mart,159.06,6816
773,01/13/2014 08:02,Coffee Cameleon,4.88,7253
774,01/13/2014 08:04,Brew've Been Served,16.05,4434
775,01/13/2014 08:06,Hallowed Grounds,55.96,2681
776,01/13/2014 08:07,Brew've Been Served,11.49,1286
777,01/13/2014 08:12,Coffee Cameleon,17.76,2142
778,01/13/2014 08:15,Abila Airport,3617.47,9220
779,01/13/2014 08:21,Brew've Been Served,13.19,6901
780,01/13/2014 08:22,Brew've Been Served,6.69,7819
781,01/13/2014 08:23,Brew've Been Served,19.89,8202
782,01/13/2014 08:58,Kronos Pipe and Irrigation,2892.74,9220
783,01/13/2014 10:12,Nationwide Refinery,204.58,9735
784,01/13/2014 10:20,Maximum Iron and Steel,689.85,9220
785,01/13/2014 12:00,Coffee Shack,4.09,7117
786,01/13/2014 12:00,Bean There Done That,7.93,1415
787,01/13/2014 12:00,Bean There Done That,98.02,9635
788,01/13/2014 12:00,Brewed Awakenings,12.69,7688
789,01/13/2014 12:00,Jack's Magical Beans,18.31,6899
790,01/13/2014 12:00,Brewed Awakenings,56.4,2540
791,01/13/2014 12:00,Bean There Done That,19.56,1877
792,01/13/2014 12:00,Brewed Awakenings,16.25,8332
793,01/13/2014 12:00,Bean There Done That,5.54,1321
794,01/13/2014 12:00,Bean There Done That,10.37,1874
795,01/13/2014 12:00,Bean There Done That,15.24,9617
796,01/13/2014 12:00,Bean There Done That,18.59,6895
797,01/13/2014 12:00,Carlyle Chemical Inc.,1718.96,9220
798,01/13/2014 12:00,Jack's Magical Beans,5.22,9241
799,01/13/2014 12:00,Jack's Magical Beans,9.64,8156
800,01/13/2014 12:00,Jack's Magical Beans,17.52,2463
801,01/13/2014 12:11,Abila Airport,4417.03,8642
802,01/13/2014 12:27,Hippokampos,17.17,4434
803,01/13/2014 12:55,Ouzeri Elian,19.82,9220
804,01/13/2014 13:03,Gelatogalore,32.83,8156
805,01/13/2014 13:18,U-Pump,55.25,9551
806,01/13/2014 13:19,Gelatogalore,46.45,8332
807,01/13/2014 13:20,Abila Zacharo,79.95,6816
808,01/13/2014 13:21,Abila Zacharo,64.5,1286
809,01/13/2014 13:23,Katerina�s Caf�,38.98,2418
810,01/13/2014 13:24,Hippokampos,35.73,7253
811,01/13/2014 13:27,Abila Zacharo,8.72,9683
812,01/13/2014 13:28,Hippokampos,30.51,9551
813,01/13/2014 13:33,Guy's Gyros,27.49,2540
814,01/13/2014 13:34,Katerina�s Caf�,26.15,6899
815,01/13/2014 13:34,Abila Zacharo,27.3,1321
816,01/13/2014 13:34,Hippokampos,59.9,7354
817,01/13/2014 13:36,Katerina�s Caf�,17.21,9405
818,01/13/2014 13:37,Ouzeri Elian,95.03,4795
819,01/13/2014 13:39,Guy's Gyros,37.37,2142
820,01/13/2014 13:40,Katerina�s Caf�,8.29,1874
821,01/13/2014 13:40,Guy's Gyros,29.25,2463
822,01/13/2014 13:41,Gelatogalore,36.93,1415
823,01/13/2014 13:42,Abila Zacharo,11.99,9635
824,01/13/2014 13:48,Abila Zacharo,116.32,3853
825,01/13/2014 13:48,Ouzeri Elian,8.32,1310
826,01/13/2014 13:48,Katerina�s Caf�,24.26,3492
827,01/13/2014 13:50,Hippokampos,91.97,7384
828,01/13/2014 13:51,Abila Zacharo,17.41,7819
829,01/13/2014 13:51,Guy's Gyros,21.03,8411
830,01/13/2014 13:52,Katerina�s Caf�,29.55,3547
831,01/13/2014 13:55,Kalami Kafenion,20.33,5368
832,01/13/2014 14:00,Guy's Gyros,38.07,7117
833,01/13/2014 14:00,Gelatogalore,36.24,8202
834,01/13/2014 14:01,Gelatogalore,117.17,2681
835,01/13/2014 14:04,Hippokampos,25.09,9617
836,01/13/2014 14:06,Ouzeri Elian,29.75,1877
837,01/13/2014 14:13,Guy's Gyros,12.76,6901
838,01/13/2014 14:21,Hippokampos,26.96,4948
839,01/13/2014 14:33,Guy's Gyros,116.87,8129
840,01/13/2014 16:56,Abila Airport,2228.08,8642
841,01/13/2014 19:20,Frydos Autosupply n' More,10000.0,9551
842,01/13/2014 19:27,Shoppers' Delight,216.43,3853
843,01/13/2014 19:30,Ouzeri Elian,28.75,9551
844,01/13/2014 19:41,Frydos Autosupply n' More,188.57,8129
845,01/13/2014 19:50,Katerina�s Caf�,89.83,3547
846,01/13/2014 19:59,Frydos Autosupply n' More,64.6,8411
847,01/13/2014 19:59,Katerina�s Caf�,30.84,6691
848,01/13/2014 20:09,Guy's Gyros,22.34,7354
849,01/13/2014 20:11,Guy's Gyros,20.47,4795
850,01/13/2014 20:15,Guy's Gyros,36.89,7384
851,01/13/2014 20:18,Guy's Gyros,15.84,7819
852,01/13/2014 20:24,Katerina�s Caf�,35.7,2142
853,01/13/2014 20:33,Katerina�s Caf�,91.36,1310
854,01/13/2014 20:35,Albert's Fine Clothing,288.0,7688
855,01/13/2014 20:35,Hippokampos,29.22,2463
856,01/13/2014 20:42,Hippokampos,31.59,1415
857,01/13/2014 20:42,Albert's Fine Clothing,49.48,1321
858,01/13/2014 20:42,Guy's Gyros,88.57,1286
859,01/13/2014 20:43,Ouzeri Elian,21.83,2681
860,01/13/2014 20:44,Katerina�s Caf�,93.57,5407
861,01/13/2014 20:44,Guy's Gyros,15.55,9683
862,01/13/2014 20:45,Shoppers' Delight,144.4,6901
863,01/13/2014 20:47,Katerina�s Caf�,22.24,7253
864,01/13/2014 20:51,Katerina�s Caf�,55.82,7889
865,01/13/2014 20:59,Guy's Gyros,37.5,7108
866,01/13/2014 21:00,Katerina�s Caf�,27.59,1874
867,01/13/2014 21:08,Guy's Gyros,19.77,5368
868,01/13/2014 21:11,Frydos Autosupply n' More,202.05,2418
869,01/13/2014 21:12,Hippokampos,31.47,8332
870,01/13/2014 21:13,Hippokampos,32.29,7117
871,01/13/2014 21:16,Katerina�s Caf�,33.11,9405
872,01/13/2014 21:27,Hippokampos,99.63,8156
873,01/14/2014 07:27,Brew've Been Served,14.67,5368
874,01/14/2014 07:31,Brew've Been Served,4.72,4795
875,01/14/2014 07:35,Hallowed Grounds,10.75,7889
876,01/14/2014 07:35,Brew've Been Served,7.31,7354
877,01/14/2014 07:37,Coffee Cameleon,9.8,3547
878,01/14/2014 07:40,Brew've Been Served,5.87,9683
879,01/14/2014 07:42,Hallowed Grounds,4.59,1310
880,01/14/2014 07:44,Hallowed Grounds,16.67,8129
881,01/14/2014 07:45,Brew've Been Served,14.04,4948
882,01/14/2014 07:45,Hallowed Grounds,13.0,7108
883,01/14/2014 07:45,Brew've Been Served,10.96,3484
884,01/14/2014 07:45,Brew've Been Served,16.53,9405
885,01/14/2014 07:48,Brew've Been Served,6.45,3853
886,01/14/2014 07:52,Coffee Cameleon,11.67,2418
887,01/14/2014 07:53,Coffee Cameleon,15.63,7253
888,01/14/2014 07:53,Brew've Been Served,9.53,8202
889,01/14/2014 07:53,Brew've Been Served,8.24,7384
890,01/14/2014 07:53,Brew've Been Served,3.66,6816
891,01/14/2014 07:54,Hallowed Grounds,19.99,1874
892,01/14/2014 07:54,Hallowed Grounds,50.21,9617
893,01/14/2014 07:56,Coffee Cameleon,7.84,2142
894,01/14/2014 07:58,Brew've Been Served,11.94,7819
895,01/14/2014 08:03,Brew've Been Served,3.21,1286
896,01/14/2014 08:07,Brew've Been Served,16.39,5407
897,01/14/2014 08:12,Hallowed Grounds,39.52,3492
898,01/14/2014 08:12,Hallowed Grounds,10.65,2681
899,01/14/2014 08:13,Brew've Been Served,11.53,8411
900,01/14/2014 08:13,Brew've Been Served,12.31,6901
901,01/14/2014 08:16,Hallowed Grounds,6.16,6691
902,01/14/2014 08:20,Kronos Mart,58.85,6899
903,01/14/2014 09:34,Carlyle Chemical Inc.,3630.57,7792
904,01/14/2014 10:03,Nationwide Refinery,965.72,9735
905,01/14/2014 11:01,Stewart and Sons Fabrication,600.19,3506
906,01/14/2014 11:45,Nationwide Refinery,570.95,7792
907,01/14/2014 11:55,Stewart and Sons Fabrication,278.52,9735
908,01/14/2014 12:00,Coffee Shack,3.63,7117
909,01/14/2014 12:00,Bean There Done That,7.28,1415
910,01/14/2014 12:00,Bean There Done That,19.37,9635
911,01/14/2014 12:00,Brewed Awakenings,17.14,7688
912,01/14/2014 12:00,Brewed Awakenings,8.3,2540
913,01/14/2014 12:00,Bean There Done That,14.56,1877
914,01/14/2014 12:00,Brewed Awakenings,11.35,8332
915,01/14/2014 12:00,Bean There Done That,67.82,1321
916,01/14/2014 12:00,Bean There Done That,5.9,6895
917,01/14/2014 12:00,Jack's Magical Beans,63.36,9241
918,01/14/2014 12:00,Jack's Magical Beans,95.7,8156
919,01/14/2014 12:30,Abila Airport,228.41,8642
920,01/14/2014 13:00,Nationwide Refinery,1341.01,3506
921,01/14/2014 13:06,Abila Airport,3379.21,2276
922,01/14/2014 13:14,Katerina�s Caf�,29.12,8156
923,01/14/2014 13:17,Hippokampos,36.01,7253
924,01/14/2014 13:17,Chostus Hotel,109.54,2540
925,01/14/2014 13:21,Katerina�s Caf�,34.45,7792
926,01/14/2014 13:21,Chostus Hotel,113.08,9683
927,01/14/2014 13:22,Katerina�s Caf�,10.03,6895
928,01/14/2014 13:24,Kalami Kafenion,17.38,9635
929,01/14/2014 13:24,Kalami Kafenion,15.15,8332
930,01/14/2014 13:25,Hippokampos,23.69,7688
931,01/14/2014 13:32,Gelatogalore,27.26,7384
932,01/14/2014 13:32,Gelatogalore,32.82,2142
933,01/14/2014 13:32,Katerina�s Caf�,20.95,7354
934,01/14/2014 13:33,Gelatogalore,39.17,2463
935,01/14/2014 13:34,Katerina�s Caf�,29.1,4795
936,01/14/2014 13:35,Abila Zacharo,31.09,8411
937,01/14/2014 13:35,Abila Zacharo,15.26,9405
938,01/14/2014 13:36,Guy's Gyros,13.27,1415
939,01/14/2014 13:37,Hippokampos,19.07,3853
940,01/14/2014 13:37,Abila Zacharo,10.24,1310
941,01/14/2014 13:38,Abila Zacharo,8.41,6816
942,01/14/2014 13:40,Ouzeri Elian,107.32,3484
943,01/14/2014 13:40,Kalami Kafenion,33.13,5407
944,01/14/2014 13:41,Ouzeri Elian,79.58,6899
945,01/14/2014 13:41,Katerina�s Caf�,75.46,3547
946,01/14/2014 13:42,Hippokampos,98.81,7889
947,01/14/2014 13:42,Kalami Kafenion,23.1,3492
948,01/14/2014 13:43,Katerina�s Caf�,31.69,6691
949,01/14/2014 13:44,Guy's Gyros,16.35,1874
950,01/14/2014 13:49,Gelatogalore,70.98,1877
951,01/14/2014 13:49,Guy's Gyros,38.26,9617
952,01/14/2014 13:50,Kalami Kafenion,27.65,4948
953,01/14/2014 13:51,Kalami Kafenion,15.27,1321
954,01/14/2014 13:51,Ouzeri Elian,62.3,7108
955,01/14/2014 13:53,Ouzeri Elian,33.67,2681
956,01/14/2014 13:57,Gelatogalore,35.97,5368
957,01/14/2014 13:57,Hippokampos,17.18,6901
958,01/14/2014 13:58,Katerina�s Caf�,33.54,7819
959,01/14/2014 13:59,Guy's Gyros,50.4,1286
960,01/14/2014 14:01,Ouzeri Elian,19.7,7117
961,01/14/2014 14:03,Gelatogalore,102.03,8129
962,01/14/2014 14:03,Abila Zacharo,24.87,4434
963,01/14/2014 14:13,Abila Scrapyard,4277.4,2276
964,01/14/2014 14:16,Hippokampos,16.73,8202
965,01/14/2014 14:21,Carlyle Chemical Inc.,854.88,7792
966,01/14/2014 15:32,Abila Airport,4918.39,8642
967,01/14/2014 15:49,Octavio's Office Supplies,131.73,6816
968,01/14/2014 16:16,Carlyle Chemical Inc.,3470.99,7792
969,01/14/2014 16:28,Nationwide Refinery,4429.76,2276
970,01/14/2014 19:44,Hippokampos,39.64,1415
971,01/14/2014 19:59,Guy's Gyros,94.26,7108
972,01/14/2014 20:01,Guy's Gyros,23.59,4795
973,01/14/2014 20:05,Albert's Fine Clothing,50.77,3484
974,01/14/2014 20:09,Katerina�s Caf�,91.8,7889
975,01/14/2014 20:15,Katerina�s Caf�,27.67,8129
976,01/14/2014 20:15,Guy's Gyros,18.11,6816
977,01/14/2014 20:17,Guy's Gyros,35.12,5368
978,01/14/2014 20:17,Katerina�s Caf�,36.95,3547
979,01/14/2014 20:19,Guy's Gyros,12.96,7384
980,01/14/2014 20:19,Katerina�s Caf�,31.94,5407
981,01/14/2014 20:22,Hippokampos,9.55,2463
982,01/14/2014 20:25,Guy's Gyros,10.85,3853
983,01/14/2014 20:26,Katerina�s Caf�,12.65,1874
984,01/14/2014 20:29,Guy's Gyros,25.28,7819
985,01/14/2014 20:32,Ouzeri Elian,11.86,6899
986,01/14/2014 20:33,Frydos Autosupply n' More,42.72,4434
987,01/14/2014 20:34,Katerina�s Caf�,11.89,3492
988,01/14/2014 20:41,Ouzeri Elian,24.06,9241
989,01/14/2014 20:42,Katerina�s Caf�,46.61,8202
990,01/14/2014 20:43,Frydos Autosupply n' More,146.74,6901
991,01/14/2014 20:46,Ouzeri Elian,80.95,2681
992,01/14/2014 20:48,Hippokampos,43.56,8332
993,01/14/2014 20:50,Albert's Fine Clothing,228.72,9635
994,01/14/2014 20:50,Katerina�s Caf�,25.4,8411
995,01/14/2014 21:04,Hippokampos,28.45,6895
996,01/14/2014 21:10,Katerina�s Caf�,18.35,9617
997,01/14/2014 21:14,Roberts and Sons,223.81,9405
998,01/14/2014 21:28,Frydos Autosupply n' More,49.21,4948
999,01/14/2014 21:31,Hippokampos,22.13,2540
1000,01/14/2014 21:31,Guy's Gyros,26.14,7354
1001,01/15/2014 07:33,Hallowed Grounds,11.98,7889
1002,01/15/2014 07:34,Brew've Been Served,3.71,7384
1003,01/15/2014 07:36,Hallowed Grounds,5.28,9617
1004,01/15/2014 07:36,Brew've Been Served,15.5,6816
1005,01/15/2014 07:39,Hallowed Grounds,5.95,8129
1006,01/15/2014 07:40,Brew've Been Served,19.87,9683
1007,01/15/2014 07:44,Hallowed Grounds,12.17,7108
1008,01/15/2014 07:45,Coffee Cameleon,19.93,2142
1009,01/15/2014 07:45,Brew've Been Served,11.47,9405
1010,01/15/2014 07:48,Brew've Been Served,6.58,7819
1011,01/15/2014 07:49,Brew've Been Served,11.23,1286
1012,01/15/2014 07:50,Brew've Been Served,19.24,7354
1013,01/15/2014 07:51,Coffee Cameleon,14.47,3547
1014,01/15/2014 07:51,Hallowed Grounds,78.69,6691
1015,01/15/2014 07:56,Coffee Cameleon,5.49,7253
1016,01/15/2014 07:57,Brew've Been Served,4.92,4795
1017,01/15/2014 07:58,Brew've Been Served,3.14,4948
1018,01/15/2014 07:58,Brew've Been Served,5.75,8411
1019,01/15/2014 07:58,Brew've Been Served,14.06,3484
1020,01/15/2014 07:59,Hallowed Grounds,14.33,3492
1021,01/15/2014 08:00,Brew've Been Served,8.42,5368
1022,01/15/2014 08:00,Hallowed Grounds,15.27,1310
1023,01/15/2014 08:01,Brew've Been Served,49.7,4434
1024,01/15/2014 08:02,Brew've Been Served,15.58,3853
1025,01/15/2014 08:05,Coffee Cameleon,56.31,2418
1026,01/15/2014 08:05,Brew've Been Served,12.39,5407
1027,01/15/2014 08:06,Brew've Been Served,3.47,8202
1028,01/15/2014 08:13,Hallowed Grounds,14.39,2681
1029,01/15/2014 08:14,Brew've Been Served,18.58,6901
1030,01/15/2014 09:34,Carlyle Chemical Inc.,3608.08,7792
1031,01/15/2014 10:00,Nationwide Refinery,1903.77,9152
1032,01/15/2014 10:14,Nationwide Refinery,1391.24,9735
1033,01/15/2014 11:18,Stewart and Sons Fabrication,4545.38,9152
1034,01/15/2014 11:44,Stewart and Sons Fabrication,4740.68,9735
1035,01/15/2014 11:55,Nationwide Refinery,3004.98,7792
1036,01/15/2014 12:00,Bean There Done That,5.34,9635
1037,01/15/2014 12:00,Jack's Magical Beans,11.15,6899
1038,01/15/2014 12:00,Brewed Awakenings,91.62,2540
1039,01/15/2014 12:00,Bean There Done That,93.13,1877
1040,01/15/2014 12:00,Brewed Awakenings,3.62,8332
1041,01/15/2014 12:00,Bean There Done That,18.96,1321
1042,01/15/2014 12:00,Bean There Done That,15.24,6895
1043,01/15/2014 12:00,Jack's Magical Beans,5.3,9241
1044,01/15/2014 12:00,Jack's Magical Beans,84.06,8156
1045,01/15/2014 12:00,Jack's Magical Beans,19.54,2463
1046,01/15/2014 12:25,Abila Airport,3152.41,8642
1047,01/15/2014 13:08,Kalami Kafenion,22.39,8156
1048,01/15/2014 13:10,Ouzeri Elian,8.93,7253
1049,01/15/2014 13:12,Hippokampos,36.7,8332
1050,01/15/2014 13:12,Hippokampos,118.89,9683
1051,01/15/2014 13:13,Katerina�s Caf�,24.15,7792
1052,01/15/2014 13:17,Katerina�s Caf�,88.56,2418
1053,01/15/2014 13:22,Guy's Gyros,14.37,1415
1054,01/15/2014 13:22,Abila Zacharo,31.0,7889
1055,01/15/2014 13:22,Ouzeri Elian,12.9,3484
1056,01/15/2014 13:24,Hippokampos,13.0,6899
1057,01/15/2014 13:26,Abila Zacharo,23.51,7688
1058,01/15/2014 13:27,Katerina�s Caf�,55.6,1286
1059,01/15/2014 13:31,Ouzeri Elian,36.47,1321
1060,01/15/2014 13:35,Kalami Kafenion,26.17,1874
1061,01/15/2014 13:36,Kalami Kafenion,37.15,8411
1062,01/15/2014 13:37,Kalami Kafenion,38.5,5407
1063,01/15/2014 13:39,Hippokampos,8.75,9405
1064,01/15/2014 13:39,Gelatogalore,9.61,2463
1065,01/15/2014 13:40,Ouzeri Elian,25.7,5368
1066,01/15/2014 13:41,Hippokampos,82.61,2540
1067,01/15/2014 13:41,Guy's Gyros,49.34,7354
1068,01/15/2014 13:42,Hippokampos,32.4,1877
1069,01/15/2014 13:42,Ouzeri Elian,22.86,7108
1070,01/15/2014 13:44,Guy's Gyros,15.89,2142
1071,01/15/2014 13:45,Abila Zacharo,88.83,9635
1072,01/15/2014 13:45,Kalami Kafenion,47.86,6895
1073,01/15/2014 13:45,Guy's Gyros,12.19,6691
1074,01/15/2014 13:46,Gelatogalore,24.96,7117
1075,01/15/2014 13:46,Guy's Gyros,16.58,8202
1076,01/15/2014 13:47,Abila Zacharo,20.44,7384
1077,01/15/2014 13:51,Ouzeri Elian,26.61,8129
1078,01/15/2014 13:55,Gelatogalore,31.21,3853
1079,01/15/2014 13:58,Gelatogalore,39.4,7819
1080,01/15/2014 13:58,Abila Zacharo,33.8,3547
1081,01/15/2014 13:59,Gelatogalore,42.36,2681
1082,01/15/2014 14:00,Guy's Gyros,25.58,9617
1083,01/15/2014 14:00,Katerina�s Caf�,12.12,1310
1084,01/15/2014 14:02,Hippokampos,118.23,4434
1085,01/15/2014 14:02,Abila Zacharo,24.53,3492
1086,01/15/2014 14:04,Abila Zacharo,46.82,4948
1087,01/15/2014 14:12,Kronos Pipe and Irrigation,2564.0,4530
1088,01/15/2014 14:13,Kalami Kafenion,28.82,6901
1089,01/15/2014 14:25,Carlyle Chemical Inc.,1112.04,7792
1090,01/15/2014 15:11,Maximum Iron and Steel,4788.22,4530
1091,01/15/2014 15:40,Abila Airport,875.87,8642
1092,01/15/2014 17:01,Carlyle Chemical Inc.,1392.73,7792
1093,01/15/2014 19:18,Ouzeri Elian,28.86,9241
1094,01/15/2014 19:50,Katerina�s Caf�,39.23,3492
1095,01/15/2014 19:52,Frydos Autosupply n' More,18.91,2540
1096,01/15/2014 19:53,Guy's Gyros,98.04,3484
1097,01/15/2014 19:55,Hippokampos,13.02,1415
1098,01/15/2014 19:55,Guy's Gyros,31.04,4434
1099,01/15/2014 19:56,General Grocer,126.2,7819
1100,01/15/2014 19:59,Katerina�s Caf�,25.08,8129
1101,01/15/2014 20:00,Katerina�s Caf�,29.84,2142
1102,01/15/2014 20:02,Guy's Gyros,28.75,7354
1103,01/15/2014 20:04,Frydos Autosupply n' More,235.27,9683
1104,01/15/2014 20:05,Katerina�s Caf�,11.45,9617
1105,01/15/2014 20:06,Guy's Gyros,44.91,5368
1106,01/15/2014 20:08,Guy's Gyros,36.35,6816
1107,01/15/2014 20:10,Hippokampos,35.12,9635
1108,01/15/2014 20:10,Shoppers' Delight,162.0,8332
1109,01/15/2014 20:16,Hippokampos,11.8,7688
1110,01/15/2014 20:17,Katerina�s Caf�,29.33,8411
1111,01/15/2014 20:23,Hippokampos,10.35,1321
1112,01/15/2014 20:23,Katerina�s Caf�,39.63,1310
1113,01/15/2014 20:24,Hippokampos,16.37,1877
1114,01/15/2014 20:26,Katerina�s Caf�,61.61,8202
1115,01/15/2014 20:29,Ouzeri Elian,23.18,6899
1116,01/15/2014 20:29,Katerina�s Caf�,29.66,2418
1117,01/15/2014 20:33,Frydos Autosupply n' More,18.66,1874
1118,01/15/2014 20:46,Albert's Fine Clothing,228.15,7117
1119,01/15/2014 20:57,Frydos Autosupply n' More,276.88,4948
1120,01/15/2014 20:59,Guy's Gyros,61.43,3853
1121,01/15/2014 21:05,Katerina�s Caf�,13.77,7253
1122,01/15/2014 21:05,Guy's Gyros,27.01,1286
1123,01/15/2014 21:05,Ouzeri Elian,8.57,2681
1124,01/15/2014 21:08,Hippokampos,101.14,6895
1125,01/15/2014 21:21,Katerina�s Caf�,27.48,3547
1126,01/15/2014 21:42,Hippokampos,37.16,8156
1127,01/16/2014 07:30,Kronos Mart,298.83,7108
1128,01/16/2014 07:33,Brew've Been Served,25.05,5368
1129,01/16/2014 07:34,Brew've Been Served,8.18,7354
1130,01/16/2014 07:36,Brew've Been Served,19.9,3484
1131,01/16/2014 07:38,Coffee Cameleon,67.19,3547
1132,01/16/2014 07:44,Hallowed Grounds,13.84,7889
1133,01/16/2014 07:44,Hallowed Grounds,18.2,7108
1134,01/16/2014 07:44,Hallowed Grounds,17.74,3492
1135,01/16/2014 07:45,Hallowed Grounds,17.92,8129
1136,01/16/2014 07:50,Brew've Been Served,7.31,7384
1137,01/16/2014 07:51,Hallowed Grounds,44.98,9617
1138,01/16/2014 07:51,Hallowed Grounds,9.6,1310
1139,01/16/2014 07:52,Brew've Been Served,12.67,1286
1140,01/16/2014 07:53,Brew've Been Served,4.7,4795
1141,01/16/2014 07:54,Brew've Been Served,83.84,4948
1142,01/16/2014 07:54,Hallowed Grounds,7.22,1874
1143,01/16/2014 07:55,Brew've Been Served,12.83,6816
1144,01/16/2014 07:56,Brew've Been Served,4.33,9683
1145,01/16/2014 08:02,Brew've Been Served,5.82,3853
1146,01/16/2014 08:03,Coffee Cameleon,63.14,2418
1147,01/16/2014 08:03,Hallowed Grounds,72.61,9405
1148,01/16/2014 08:03,Brew've Been Served,16.67,6901
1149,01/16/2014 08:05,Hallowed Grounds,12.19,9551
1150,01/16/2014 08:07,Hallowed Grounds,18.23,6691
1151,01/16/2014 08:08,Brew've Been Served,90.33,8202
1152,01/16/2014 08:09,Brew've Been Served,17.44,4434
1153,01/16/2014 08:09,Hallowed Grounds,4.6,2681
1154,01/16/2014 08:19,Brew've Been Served,16.9,7819
1155,01/16/2014 08:23,Brew've Been Served,11.21,8411
1156,01/16/2014 09:18,Abila Airport,1676.53,3506
1157,01/16/2014 09:52,Carlyle Chemical Inc.,419.93,7792
1158,01/16/2014 10:16,Nationwide Refinery,1494.44,9735
1159,01/16/2014 11:06,Stewart and Sons Fabrication,940.3,3506
1160,01/16/2014 11:25,Nationwide Refinery,4742.67,7792
1161,01/16/2014 11:45,Stewart and Sons Fabrication,4543.31,9735
1162,01/16/2014 12:00,Coffee Shack,10.48,7117
1163,01/16/2014 12:00,Bean There Done That,19.82,1415
1164,01/16/2014 12:00,Bean There Done That,12.33,9635
1165,01/16/2014 12:00,Brewed Awakenings,17.91,7688
1166,01/16/2014 12:00,Jack's Magical Beans,9.12,6899
1167,01/16/2014 12:00,Brewed Awakenings,6.53,2540
1168,01/16/2014 12:00,Bean There Done That,5.56,1877
1169,01/16/2014 12:00,Brewed Awakenings,6.39,8332
1170,01/16/2014 12:00,Bean There Done That,98.34,1321
1171,01/16/2014 12:00,Bean There Done That,17.4,6895
1172,01/16/2014 12:00,Jack's Magical Beans,14.86,9241
1173,01/16/2014 12:00,Jack's Magical Beans,12.56,8156
1174,01/16/2014 12:00,Jack's Magical Beans,6.95,2463
1175,01/16/2014 12:32,Nationwide Refinery,2047.28,3506
1176,01/16/2014 12:40,Abila Airport,3917.3,8642
1177,01/16/2014 13:17,Katerina�s Caf�,11.08,9683
1178,01/16/2014 13:19,Katerina�s Caf�,27.82,7688
1179,01/16/2014 13:19,Hippokampos,17.66,8332
1180,01/16/2014 13:22,Abila Zacharo,64.71,1286
1181,01/16/2014 13:22,Abila Airport,3138.98,2276
1182,01/16/2014 13:22,Hippokampos,26.15,8156
1183,01/16/2014 13:23,Guy's Gyros,31.48,7889
1184,01/16/2014 13:23,Katerina�s Caf�,34.9,7792
1185,01/16/2014 13:26,Hippokampos,36.17,6899
1186,01/16/2014 13:27,Katerina�s Caf�,34.02,3484
1187,01/16/2014 13:27,Katerina�s Caf�,39.74,5407
1188,01/16/2014 13:27,Abila Zacharo,31.31,3547
1189,01/16/2014 13:28,Guy's Gyros,10.27,9551
1190,01/16/2014 13:30,Hippokampos,16.53,7253
1191,01/16/2014 13:30,Hippokampos,10.38,2540
1192,01/16/2014 13:33,Gelatogalore,12.33,2463
1193,01/16/2014 13:35,Hippokampos,13.05,6691
1194,01/16/2014 13:36,Hippokampos,31.14,1415
1195,01/16/2014 13:37,Gelatogalore,22.19,9405
1196,01/16/2014 13:39,Abila Zacharo,69.27,4795
1197,01/16/2014 13:42,Guy's Gyros,29.7,7819
1198,01/16/2014 13:43,Hippokampos,14.89,1321
1199,01/16/2014 13:43,Katerina�s Caf�,38.32,5368
1200,01/16/2014 13:44,Guy's Gyros,13.48,6816
1201,01/16/2014 13:44,Hippokampos,18.18,7354
1202,01/16/2014 13:45,Ouzeri Elian,12.47,3853
1203,01/16/2014 13:45,Kalami Kafenion,9.27,8202
1204,01/16/2014 13:45,Ouzeri Elian,18.27,2142
1205,01/16/2014 13:47,Abila Zacharo,36.02,7108
1206,01/16/2014 13:48,Kalami Kafenion,91.38,9635
1207,01/16/2014 13:48,Abila Zacharo,24.38,4948
1208,01/16/2014 13:48,Gelatogalore,32.4,1874
1209,01/16/2014 13:48,Hippokampos,29.93,9617
1210,01/16/2014 13:48,Kalami Kafenion,11.83,3492
1211,01/16/2014 13:49,Kalami Kafenion,8.86,7384
1212,01/16/2014 13:54,Hippokampos,8.07,1310
1213,01/16/2014 13:55,Hippokampos,30.02,8411
1214,01/16/2014 13:55,Abila Zacharo,8.43,6901
1215,01/16/2014 14:00,Ouzeri Elian,8.52,2418
1216,01/16/2014 14:01,Ouzeri Elian,8.47,7117
1217,01/16/2014 14:05,Guy's Gyros,32.8,1877
1218,01/16/2014 15:58,Octavio's Office Supplies,131.01,5368
1219,01/16/2014 16:56,Abila Scrapyard,1897.05,2276
1220,01/16/2014 17:07,Gelatogalore,10.62,4434
1221,01/16/2014 17:17,Carlyle Chemical Inc.,1814.24,7792
1222,01/16/2014 18:49,Katerina�s Caf�,93.68,8411
1223,01/16/2014 19:04,Guy's Gyros,25.57,7384
1224,01/16/2014 19:09,Guy's Gyros,8.31,3484
1225,01/16/2014 19:39,Katerina�s Caf�,10.93,7889
1226,01/16/2014 19:40,Guy's Gyros,37.8,4795
1227,01/16/2014 19:45,Frydos Autosupply n' More,53.37,1874
1228,01/16/2014 19:47,Katerina�s Caf�,34.34,3547
1229,01/16/2014 20:05,Katerina�s Caf�,69.3,5407
1230,01/16/2014 20:08,Albert's Fine Clothing,283.38,7117
1231,01/16/2014 20:09,Katerina�s Caf�,18.79,8129
1232,01/16/2014 20:09,Guy's Gyros,28.27,6901
1233,01/16/2014 20:13,Hippokampos,29.13,1321
1234,01/16/2014 20:14,Guy's Gyros,111.31,9683
1235,01/16/2014 20:17,Guy's Gyros,25.78,3853
1236,01/16/2014 20:17,Guy's Gyros,30.76,6816
1237,01/16/2014 20:23,Katerina�s Caf�,13.91,9617
1238,01/16/2014 20:25,Ouzeri Elian,23.89,6899
1239,01/16/2014 20:25,Albert's Fine Clothing,91.71,7819
1240,01/16/2014 20:25,Katerina�s Caf�,35.43,2418
1241,01/16/2014 20:25,Roberts and Sons,155.76,4434
1242,01/16/2014 20:25,Ouzeri Elian,22.65,2681
1243,01/16/2014 20:28,Ouzeri Elian,9.91,9551
1244,01/16/2014 20:28,Katerina�s Caf�,30.84,9405
1245,01/16/2014 20:35,Guy's Gyros,11.31,7108
1246,01/16/2014 20:36,Katerina�s Caf�,19.44,2142
1247,01/16/2014 20:39,Katerina�s Caf�,30.56,8202
1248,01/16/2014 20:42,Hippokampos,114.0,6895
1249,01/16/2014 20:43,Hippokampos,27.74,2463
1250,01/16/2014 20:45,Shoppers' Delight,160.69,1877
1251,01/16/2014 20:50,Shoppers' Delight,16.84,1286
1252,01/16/2014 20:51,Katerina�s Caf�,34.58,3492
1253,01/16/2014 20:52,Roberts and Sons,240.66,7354
1254,01/16/2014 20:54,Frydos Autosupply n' More,130.01,4948
1255,01/16/2014 20:58,Hippokampos,12.47,8332
1256,01/16/2014 21:13,Hippokampos,20.84,7688
1257,01/16/2014 21:16,Ouzeri Elian,29.99,9241
1258,01/17/2014 07:29,Brew've Been Served,52.56,7384
1259,01/17/2014 07:31,Hallowed Grounds,3.25,1310
1260,01/17/2014 07:33,Hallowed Grounds,14.58,7889
1261,01/17/2014 07:36,Brew've Been Served,11.69,5368
1262,01/17/2014 07:38,Coffee Cameleon,10.27,3547
1263,01/17/2014 07:39,Hallowed Grounds,15.98,9617
1264,01/17/2014 07:41,Hallowed Grounds,10.52,8129
1265,01/17/2014 07:50,Brew've Been Served,8.07,4948
1266,01/17/2014 07:51,Coffee Cameleon,6.81,7253
1267,01/17/2014 07:52,Hallowed Grounds,18.6,1874
1268,01/17/2014 07:52,Coffee Cameleon,9.16,6816
1269,01/17/2014 07:56,Hallowed Grounds,9.72,5010
1270,01/17/2014 07:57,Brew've Been Served,10.52,7354
1271,01/17/2014 07:59,Hallowed Grounds,5.52,6691
1272,01/17/2014 07:59,Brew've Been Served,19.39,4795
1273,01/17/2014 08:03,Brew've Been Served,13.66,3484
1274,01/17/2014 08:03,Hallowed Grounds,38.22,3492
1275,01/17/2014 08:04,Hallowed Grounds,9.4,9551
1276,01/17/2014 08:04,Brew've Been Served,16.62,9405
1277,01/17/2014 08:07,Coffee Cameleon,7.49,2418
1278,01/17/2014 08:08,Kronos Mart,286.24,1415
1279,01/17/2014 08:09,Brew've Been Served,9.3,8202
1280,01/17/2014 08:12,Brew've Been Served,18.15,5407
1281,01/17/2014 08:12,Hallowed Grounds,6.39,2681
1282,01/17/2014 08:13,Coffee Cameleon,14.99,4434
1283,01/17/2014 08:15,Brew've Been Served,3.09,3853
1284,01/17/2014 08:17,Brew've Been Served,5.29,6901
1285,01/17/2014 08:19,Brew've Been Served,14.58,8411
1286,01/17/2014 08:22,Brew've Been Served,15.46,7819
1287,01/17/2014 08:23,Brew've Been Served,51.04,1286
1288,01/17/2014 11:32,Stewart and Sons Fabrication,1753.17,9735
1289,01/17/2014 12:00,Coffee Shack,19.16,7117
1290,01/17/2014 12:00,Bean There Done That,19.67,1415
1291,01/17/2014 12:00,Bean There Done That,8.21,9635
1292,01/17/2014 12:00,Brewed Awakenings,8.16,7688
1293,01/17/2014 12:00,Jack's Magical Beans,7.57,6899
1294,01/17/2014 12:00,Brewed Awakenings,88.69,2540
1295,01/17/2014 12:00,Bean There Done That,19.56,1877
1296,01/17/2014 12:00,Brewed Awakenings,6.0,8332
1297,01/17/2014 12:00,Bean There Done That,18.72,1321
1298,01/17/2014 12:00,Bean There Done That,5.77,6895
1299,01/17/2014 12:00,Jack's Magical Beans,19.11,9241
1300,01/17/2014 13:11,Abila Zacharo,68.78,8332
1301,01/17/2014 13:16,Kalami Kafenion,140.78,7253
1302,01/17/2014 13:16,Hippokampos,38.21,2418
1303,01/17/2014 13:17,Gelatogalore,15.84,8156
1304,01/17/2014 13:18,Guy's Gyros,8.64,7688
1305,01/17/2014 13:21,Guy's Gyros,22.18,3484
1306,01/17/2014 13:27,Hippokampos,14.57,4795
1307,01/17/2014 13:28,Abila Zacharo,15.95,5010
1308,01/17/2014 13:31,Hippokampos,15.77,6816
1309,01/17/2014 13:33,Gelatogalore,23.23,9635
1310,01/17/2014 13:37,Kalami Kafenion,105.32,2463
1311,01/17/2014 13:38,Ouzeri Elian,14.01,1415
1312,01/17/2014 13:38,Guy's Gyros,39.14,3853
1313,01/17/2014 13:38,Hippokampos,52.31,1286
1314,01/17/2014 13:38,Kalami Kafenion,39.43,5407
1315,01/17/2014 13:39,Kalami Kafenion,27.7,9405
1316,01/17/2014 13:40,Gelatogalore,37.3,1310
1317,01/17/2014 13:41,Abila Zacharo,14.51,2142
1318,01/17/2014 13:42,Katerina�s Caf�,21.01,3547
1319,01/17/2014 13:45,Abila Zacharo,79.67,7354
1320,01/17/2014 13:47,Gelatogalore,18.1,2681
1321,01/17/2014 13:48,Katerina�s Caf�,13.11,1321
1322,01/17/2014 13:49,Chostus Hotel,114.22,9683
1323,01/17/2014 13:51,Kalami Kafenion,20.02,1874
1324,01/17/2014 13:51,Gelatogalore,34.59,7819
1325,01/17/2014 13:52,Hippokampos,108.35,9617
1326,01/17/2014 13:53,Kalami Kafenion,24.21,8411
1327,01/17/2014 13:53,Katerina�s Caf�,35.52,4434
1328,01/17/2014 13:54,Chostus Hotel,159.62,2540
1329,01/17/2014 13:55,Guy's Gyros,32.31,6901
1330,01/17/2014 13:57,Gelatogalore,21.62,3492
1331,01/17/2014 13:58,Hippokampos,21.81,1877
1332,01/17/2014 13:58,Kalami Kafenion,27.73,7108
1333,01/17/2014 14:00,Guy's Gyros,15.12,8202
1334,01/17/2014 14:05,Guy's Gyros,21.1,7117
1335,01/17/2014 14:06,Abila Zacharo,51.95,5368
1336,01/17/2014 14:15,Katerina�s Caf�,70.72,4948
1337,01/17/2014 14:32,Ouzeri Elian,26.1,8129
1338,01/17/2014 19:24,Katerina�s Caf�,22.18,3492
1339,01/17/2014 19:29,Guy's Gyros,19.68,6816
1340,01/17/2014 19:40,Hippokampos,19.76,7117
1341,01/17/2014 19:40,Ouzeri Elian,38.6,6899
1342,01/17/2014 19:44,Albert's Fine Clothing,1239.41,1321
1343,01/17/2014 19:46,Guy's Gyros,16.83,6901
1344,01/17/2014 19:53,Guy's Gyros,35.1,4795
1345,01/17/2014 19:57,Katerina�s Caf�,34.93,8129
1346,01/17/2014 19:57,Frydos Autosupply n' More,124.52,4948
1347,01/17/2014 20:03,Hippokampos,8.92,2540
1348,01/17/2014 20:05,Shoppers' Delight,155.01,7384
1349,01/17/2014 20:07,Katerina�s Caf�,21.22,1310
1350,01/17/2014 20:07,Ouzeri Elian,70.21,9241
1351,01/17/2014 20:16,Guy's Gyros,37.55,3484
1352,01/17/2014 20:19,Katerina�s Caf�,36.12,8202
1353,01/17/2014 20:20,Katerina�s Caf�,19.09,7253
1354,01/17/2014 20:21,Guy's Gyros,8.31,7819
1355,01/17/2014 20:21,Shoppers' Delight,289.33,1286
1356,01/17/2014 20:24,Guy's Gyros,8.54,3853
1357,01/17/2014 20:24,Katerina�s Caf�,72.13,7889
1358,01/17/2014 20:28,Ouzeri Elian,35.81,9551
1359,01/17/2014 20:35,Ouzeri Elian,26.4,2681
1360,01/17/2014 20:41,General Grocer,98.03,7108
1361,01/17/2014 20:41,Frydos Autosupply n' More,260.08,7354
1362,01/17/2014 20:54,Hippokampos,11.93,7688
1363,01/17/2014 20:58,Katerina�s Caf�,38.21,2142
1364,01/17/2014 20:59,Guy's Gyros,29.71,9683
1365,01/17/2014 21:05,Katerina�s Caf�,33.73,5407
1366,01/17/2014 21:06,Katerina�s Caf�,27.49,9405
1367,01/17/2014 21:07,Guy's Gyros,55.4,4434
1368,01/17/2014 21:15,Frydos Autosupply n' More,67.29,5368
1369,01/17/2014 21:29,Hippokampos,38.19,2463
1370,01/17/2014 21:58,Hippokampos,12.86,9635
1371,01/18/2014 12:03,Chostus Hotel,600.0,5010
1372,01/18/2014 13:04,Abila Zacharo,111.93,8156
1373,01/18/2014 13:05,Abila Zacharo,25.59,2540
1374,01/18/2014 13:15,Katerina�s Caf�,34.54,6691
1375,01/18/2014 13:18,Ouzeri Elian,33.57,6895
1376,01/18/2014 13:19,Kalami Kafenion,30.12,5368
1377,01/18/2014 13:21,Hippokampos,100.11,1877
1378,01/18/2014 13:25,Abila Zacharo,18.45,7253
1379,01/18/2014 13:27,Guy's Gyros,55.21,7384
1380,01/18/2014 13:28,Guy's Gyros,27.4,1874
1381,01/18/2014 13:28,Kalami Kafenion,38.91,2463
1382,01/18/2014 13:32,Abila Zacharo,16.59,9551
1383,01/18/2014 13:34,Katerina�s Caf�,19.3,3484
1384,01/18/2014 13:34,Ouzeri Elian,25.75,3547
1385,01/18/2014 13:58,Kalami Kafenion,24.14,1321
1386,01/18/2014 13:58,Gelatogalore,84.38,2681
1387,01/18/2014 14:00,Katerina�s Caf�,37.26,8411
1388,01/18/2014 14:02,Kalami Kafenion,42.73,8202
1389,01/18/2014 14:03,Katerina�s Caf�,96.36,7688
1390,01/18/2014 14:05,Guy's Gyros,47.89,9617
1391,01/18/2014 14:06,Katerina�s Caf�,24.14,7819
1392,01/18/2014 14:17,Kalami Kafenion,53.36,6901
1393,01/18/2014 14:51,Ahaggo Museum,55.55,1286
1394,01/18/2014 14:55,Ahaggo Museum,120.2,7384
1395,01/18/2014 15:20,Albert's Fine Clothing,35.66,6895
1396,01/18/2014 15:31,Frydos Autosupply n' More,103.41,5368
1397,01/18/2014 15:31,General Grocer,477.6,3547
1398,01/18/2014 15:32,Frydos Autosupply n' More,361.54,1874
1399,01/18/2014 15:40,Shoppers' Delight,258.33,8156
1400,01/18/2014 15:41,Roberts and Sons,62.47,7253
1401,01/18/2014 15:51,Frydos Autosupply n' More,103.55,1877
1402,01/18/2014 15:53,Frydos Autosupply n' More,120.67,2463
1403,01/18/2014 15:57,Albert's Fine Clothing,189.52,6691
1404,01/18/2014 18:39,Frank's Fuel,52.66,9635
1405,01/18/2014 18:51,Frydos Autosupply n' More,234.53,5407
1406,01/18/2014 18:59,Albert's Fine Clothing,226.49,8156
1407,01/18/2014 19:08,Guy's Gyros,39.68,3484
1408,01/18/2014 19:17,Katerina�s Caf�,21.63,8129
1409,01/18/2014 19:20,Roberts and Sons,266.69,9617
1410,01/18/2014 19:21,Ouzeri Elian,57.63,6899
1411,01/18/2014 19:21,Hippokampos,21.34,1321
1412,01/18/2014 19:21,Guy's Gyros,28.07,5368
1413,01/18/2014 19:26,Ouzeri Elian,61.56,9551
1414,01/18/2014 19:30,Katerina�s Caf�,8.14,7889
1415,01/18/2014 19:31,Katerina�s Caf�,22.74,1874
1416,01/18/2014 19:32,Katerina�s Caf�,33.41,4434
1417,01/18/2014 19:35,Hippokampos,27.21,6895
1418,01/18/2014 19:36,Katerina�s Caf�,35.79,6691
1419,01/18/2014 19:36,Abila Zacharo,21.29,4795
1420,01/18/2014 19:36,Hippokampos,53.21,2463
1421,01/18/2014 19:39,Kalami Kafenion,71.14,9635
1422,01/18/2014 19:39,Guy's Gyros,78.36,6816
1423,01/18/2014 19:42,Hippokampos,63.21,8332
1424,01/18/2014 19:46,Roberts and Sons,125.35,7688
1425,01/18/2014 19:46,Katerina�s Caf�,11.19,8202
1426,01/18/2014 19:46,Ouzeri Elian,14.9,2681
1427,01/18/2014 19:47,Katerina�s Caf�,16.48,4948
1428,01/18/2014 19:53,Katerina�s Caf�,76.1,3547
1429,01/18/2014 19:54,Katerina�s Caf�,33.63,1310
1430,01/18/2014 19:56,Katerina�s Caf�,32.68,2418
1431,01/18/2014 20:01,Hippokampos,49.21,1286
1432,01/18/2014 20:01,Katerina�s Caf�,17.37,9405
1433,01/18/2014 20:04,Katerina�s Caf�,45.88,8411
1434,01/18/2014 20:07,General Grocer,108.49,6901
1435,01/18/2014 20:09,Katerina�s Caf�,19.31,7354
1436,01/18/2014 20:11,Hippokampos,72.5,1415
1437,01/18/2014 20:13,Katerina�s Caf�,9.72,3853
1438,01/18/2014 20:15,Katerina�s Caf�,37.21,7819
1439,01/18/2014 20:23,Hippokampos,29.21,1877
1440,01/18/2014 20:26,Hippokampos,55.03,7117
1441,01/19/2014 03:13,Kronos Mart,87.66,3484
1442,01/19/2014 03:45,Kronos Mart,194.51,9551
1443,01/19/2014 03:48,Kronos Mart,150.36,8332
1444,01/19/2014 12:41,Desafio Golf Course,150.07,8156
1445,01/19/2014 12:57,Desafio Golf Course,145.72,7688
1446,01/19/2014 13:00,Katerina�s Caf�,35.01,7354
1447,01/19/2014 13:09,Gelatogalore,22.36,6895
1448,01/19/2014 13:23,Katerina�s Caf�,70.22,4795
1449,01/19/2014 13:26,Ahaggo Museum,26.91,9241
1450,01/19/2014 13:27,Ouzeri Elian,23.65,3484
1451,01/19/2014 13:33,Hippokampos,64.37,2142
1452,01/19/2014 13:51,Desafio Golf Course,190.91,8332
1453,01/19/2014 13:53,Katerina�s Caf�,26.76,4434
1454,01/19/2014 14:01,Katerina�s Caf�,12.78,1310
1455,01/19/2014 14:08,Ouzeri Elian,45.32,7384
1456,01/19/2014 14:20,Katerina�s Caf�,54.2,3492
1457,01/19/2014 14:20,Abila Zacharo,47.8,6901
1458,01/19/2014 15:03,General Grocer,70.22,6895
1459,01/19/2014 15:15,Desafio Golf Course,110.02,2463
1460,01/19/2014 15:26,Frydos Autosupply n' More,56.09,3484
1461,01/19/2014 15:39,Albert's Fine Clothing,274.66,2142
1462,01/19/2014 15:46,Desafio Golf Course,148.22,5010
1463,01/19/2014 15:53,Frydos Autosupply n' More,209.76,4795
1464,01/19/2014 18:54,Katerina�s Caf�,72.25,3547
1465,01/19/2014 19:43,Hippokampos,101.25,9635
1466,01/19/2014 19:43,Hippokampos,48.23,8332
1467,01/19/2014 19:44,Hippokampos,88.27,1321
1468,01/19/2014 19:44,Hippokampos,46.32,6895
1469,01/19/2014 19:45,Guy's Gyros,65.21,7384
1470,01/19/2014 19:45,Guy's Gyros,23.21,1286
1471,01/19/2014 19:45,Guy's Gyros,58.35,3484
1472,01/19/2014 19:45,Frydos Autosupply n' More,98.04,9405
1473,01/19/2014 19:45,Guy's Gyros,25.79,5010
1474,01/19/2014 19:48,Ouzeri Elian,67.98,6899
1475,01/19/2014 19:49,Ouzeri Elian,32.77,9551
1476,01/19/2014 19:49,Guy's Gyros,100.36,6816
1477,01/19/2014 19:53,Katerina�s Caf�,34.03,7889
1478,01/19/2014 19:56,Shoppers' Delight,30.39,2142
1479,01/19/2014 19:56,Hippokampos,63.17,2463
1480,01/19/2014 20:00,Guy's Gyros,18.08,7354
1481,01/19/2014 20:02,Albert's Fine Clothing,254.29,2540
1482,01/19/2014 20:05,Katerina�s Caf�,33.79,1874
1483,01/19/2014 20:14,Guy's Gyros,36.87,7108
1484,01/19/2014 20:16,Hippokampos,78.96,1415
1485,01/19/2014 20:16,Guy's Gyros,37.48,9683
1486,01/19/2014 20:22,Katerina�s Caf�,38.9,9617
1487,01/19/2014 20:25,Guy's Gyros,20.94,3853
1488,01/19/2014 20:30,Guy's Gyros,31.94,4434
1489,01/19/2014 20:51,Guy's Gyros,39.6,6901
